isin,ticker,rating,currency,volume,price,g_spread,yield_pct,current_yield,duration,spread,coupon,option_date,maturity,issue_date,option_type,issuer,sector,liquidity,face_value,coupon_freq,next_coupon,guarantee,updated,bond_type
RU000A108FG3,AGROFRGT01,B-,RUB,150.0,91.08,4515.0,57.87,24.7,0.38,-2.82,22.5,,2027-05-13,2024-05-16,Отсутствует,Агро-Фрегат,Розница,Средняя,750.0,4,2026-11-12,есть,2026-09-15,fixed
XS2387703866,AKBHC Perp 26,AA (AA-),USD,153.35,49.4,31163.0,315.44,12.15,0.3,0.0,6.0,2026-12-20,,2021-09-20,Колл,Т Банк,Банки,Не определена,1000.0,4,2026-09-20,отсутствует,2026-09-15,fixed
RU000A108FS8,ANTERRA-02,,RUB,250.0,8.1,,,246.91,0.52,-0.16,20.0,,2027-05-18,2024-05-21,Отсутствует,Антерра,Потребительские товары,Плохая,1000.0,4,2026-11-17,отсутствует,2026-09-15,fixed
RU000A106T85,CTRLлиз1Р1,BB-,RUB,597.0,62.49,8785.0,101.09,26.0,0.8,1.89,16.25,,2028-08-04,2023-08-31,Отсутствует,Контрол Лизинг,Лизинг,Средняя,596.6,12,2026-10-14,есть,2026-09-15,fixed
RU000A1086N2,CTRLлиз1Р2,BB-,RUB,758.0,55.37,9175.0,105.2,32.96,0.96,1.48,18.25,,2029-03-29,2024-04-24,Отсутствует,Контрол Лизинг,Лизинг,Средняя,757.8,12,2026-10-11,есть,2026-09-15,fixed
XS3335419555,ELDIKB31,,USD,500.0,99.53,383.0,8.62,8.54,3.77,-0.4,8.5,,2031-04-23,2026-04-23,Отсутствует,Eldik Bank,Банки,Не определена,1000.0,2,2026-10-23,отсутствует,2026-09-15,fixed
RU000A10FXT9,FSKAktv1P1,A,RUB,500.0,100.79,320.0,17.83,16.87,1.63,-0.12,17.0,,2028-08-15,2026-08-26,Отсутствует,ФСК Активы,Недвижимость,Средняя,1000.0,12,2026-09-25,отсутствует,2026-09-15,fixed
XS2196334671,GAZ27 3.0,AAA,USD,371.249,90.28,1237.0,16.59,3.32,0.78,0.0,3.0,,2027-06-29,2020-06-29,Отсутствует,Газпром,Нефть и Газ,Не определена,1000.0,2,2026-12-29,отсутствует,2026-09-15,fixed
XS1585190389,GAZ27 4.95,AAA,USD,347.652,93.62,1414.0,18.3,5.29,0.51,0.31,4.95,,2027-03-23,2017-03-23,Отсутствует,Газпром,Нефть и Газ,Не определена,1000.0,2,2026-09-23,отсутствует,2026-09-15,fixed
XS2301292400,GAZ27E,AAA,EUR,526.501,90.93,2243.0,25.05,1.65,0.43,0.11,1.5,,2027-02-17,2021-02-17,Отсутствует,Газпром,Нефть и Газ,Не определена,1000.0,1,2027-02-17,отсутствует,2026-09-15,fixed
XS0885736925,GAZ28,AAA,USD,489.917,86.79,1145.0,15.89,5.7,1.35,0.32,4.95,,2028-02-06,2013-02-06,Отсутствует,Газпром,Нефть и Газ,Не определена,1000.0,2,2027-02-06,отсутствует,2026-09-15,fixed
XS2408033210,GAZ28E,AAA,EUR,156.612,75.84,1261.0,15.87,2.44,2.1,0.0,1.85,,2028-11-17,2021-11-17,Отсутствует,Газпром,Нефть и Газ,Не определена,1000.0,1,2026-11-17,отсутствует,2026-09-15,fixed
XS2291819980,GAZ29,AAA,USD,828.488,76.0,1090.0,15.1,3.88,2.35,,2.95,,2029-01-27,2021-01-27,Отсутствует,Газпром,Нефть и Газ,Не определена,1000.0,2,2027-01-27,отсутствует,2026-09-15,fixed
XS2124187571,GAZ30,AAA,USD,536.274,68.84,1046.0,15.2,4.72,3.24,0.0,3.25,,2030-02-25,2020-02-25,Отсутствует,Газпром,Нефть и Газ,Не определена,1000.0,2,2027-02-25,отсутствует,2026-09-15,fixed
XS2363250833,GAZ31,AAA,USD,520.878,64.31,910.0,13.88,5.44,4.34,-0.11,3.5,,2031-07-14,2021-07-14,Отсутствует,Газпром,Нефть и Газ,Не определена,1000.0,2,2027-01-14,отсутствует,2026-09-15,fixed
XS0191754729,GAZ34,AAA,USD,451.374,83.9,706.0,11.89,10.27,5.34,0.8,8.62,,2034-04-28,2004-04-28,Отсутствует,Газпром,Нефть и Газ,Не определена,1000.0,2,2026-10-28,отсутствует,2026-09-15,fixed
XS2278534099,HCDNDA28,BBB+,USD,453.0,53.44,5419.0,58.63,10.01,1.34,0.0,5.35,,2028-02-08,2021-02-08,Отсутствует,Домодедово Аэропорт,Транспорт,Не определена,1000.0,2,2027-02-08,отсутствует,2026-09-15,fixed
RU000A10BQC8,HENDERSON,AA-/A+,RUB,1800.0,103.84,144.0,14.48,18.78,0.64,0.29,19.5,,2027-05-24,2025-06-03,Отсутствует,ХЭНДЕРСОН,Розница,Отличная,1000.0,12,2026-09-26,отсутствует,2026-09-15,fixed
XS3080755591,KYRGYZ30,,USD,700.0,100.29,288.0,7.65,7.73,3.23,-0.54,7.75,,2030-06-03,2025-06-03,Отсутствует,Киргизия,"Субфедеральный долг, Cуверенный долг (другие страны)",Не определена,1000.0,2,2026-12-03,отсутствует,2026-09-15,fixed
XS2400040973,METINR28,AA+/AA,USD,364.22,51.29,3504.0,39.7,6.59,1.97,0.0,3.38,,2028-10-22,2021-10-22,Отсутствует,Металлоинвест,Металлургия,Не определена,1000.0,2,2026-10-22,отсутствует,2026-09-15,fixed
RU000A1071Q7,MTRCSPR001,A+,RUB,120.0,100.29,-264.0,10.43,14.46,0.08,-0.92,14.5,,2026-10-14,2023-10-18,Отсутствует,Моторика,IT,Средняя,400.0,4,2026-10-14,есть,2026-09-15,fixed
RU000A10ADD6,NSKATD-02,BBB+,RUB,500.0,101.8,1003.0,22.92,28.49,0.22,-1.04,29.0,2026-12-08,2027-12-03,2024-12-18,Пут,Новосибирскавтодор,Транспорт,Отличная,1000.0,12,2026-10-09,отсутствует,2026-09-15,fixed
RU000A10B461,NSKATD-03,BBB+,RUB,1700.0,103.0,1240.0,26.28,25.24,1.23,0.29,26.0,,2028-03-04,2025-03-20,Отсутствует,Новосибирскавтодор,Транспорт,Отличная,1000.0,12,2026-10-11,отсутствует,2026-09-15,fixed
RU000A10FVF2,NSKATD1Р01,BBB+,RUB,710.0,98.2,1146.0,25.47,21.89,1.31,-0.12,21.5,,2028-08-03,2026-08-14,Отсутствует,Новосибирскавтодор,Транспорт,Отличная,1000.0,12,2026-10-13,есть,2026-09-15,fixed
XS2384719402,PHORRU28,AAA,USD,116.53,67.54,1934.0,23.97,3.85,1.95,0.0,2.6,,2028-09-16,2021-09-16,Отсутствует,Фосагро,Удобрения,Не определена,1000.0,2,2026-09-16,отсутствует,2026-09-15,fixed
RU000A106YD5,PLAZA BO01,BB,RUB,200.0,98.18,9468.0,109.72,17.47,0.02,0.07,17.15,,2026-09-23,2023-09-27,Отсутствует,Плаза-телеком,Розница,Средняя,1000.0,4,2026-09-23,отсутствует,2026-09-15,fixed
RU000A108E80,PLAZABO-02,BB,RUB,100.0,59.49,6152.0,75.58,33.62,1.33,3.18,20.0,2027-05-11,2028-05-09,2024-05-14,Колл,Плаза-телеком,Розница,Плохая,1000.0,4,2026-11-10,отсутствует,2026-09-15,fixed
RU000A10B7W1,R-Vision 2,A+,RUB,500.0,113.01,190.0,15.85,21.68,1.27,-0.03,24.5,2027-03-24,2028-03-18,2025-04-03,Колл,Р-Вижн,IT,Отличная,1000.0,12,2026-09-25,отсутствует,2026-09-15,fixed
RU000A10EKZ6,R-Vision 3,A+,RUB,500.0,100.18,149.0,16.26,15.22,2.06,-0.1,15.25,,2029-03-01,2026-03-17,Отсутствует,Р-Вижн,IT,Отличная,1000.0,12,2026-10-13,отсутствует,2026-09-15,fixed
XS1843437036,RURAIL27E,AAA,EUR,500.0,93.0,1076.0,12.54,2.37,0.74,,2.2,,2027-05-23,2019-05-23,Отсутствует,РЖД,Транспорт,Очень плохая,1000.0,1,2027-05-23,отсутствует,2026-09-15,fixed
XS0609017917,RURAIL31 GBP,AAA,GBP,627.0,68.04,,18.14,11.01,3.58,0.7,7.49,,2031-03-25,2011-03-25,Отсутствует,РЖД,Транспорт,Не определена,1000.0,2,2026-09-25,отсутствует,2026-09-15,fixed
RU000A0JXTS9,RUSSIA27,AAA,USD,759.0,92.2,1112.0,15.39,4.61,0.76,-6.14,4.25,,2027-06-23,2017-06-23,Отсутствует,Россия,Cуверенный долг (РФ),Плохая,200000.0,2,2026-12-23,отсутствует,2026-09-15,fixed
RU000A102CK5,RUSSIA27E,AAA,EUR,280.0,93.25,425.0,6.95,1.2,1.24,,1.12,,2027-11-20,2020-11-20,Отсутствует,Россия,Cуверенный долг (РФ),Плохая,100000.0,1,2026-11-20,отсутствует,2026-09-15,fixed
XS0088543193,RUSSIA28,AAA,USD,2500.0,99.09,879.0,13.31,12.87,1.6,-0.01,12.75,,2028-06-24,1998-06-24,Отсутствует,Россия,Cуверенный долг (РФ),Погранично хорошая,1000.0,2,2026-12-24,отсутствует,2026-09-15,fixed
RU000A0ZYYN4,RUSSIA29,AAA,USD,615.0,95.0,213.0,6.54,4.61,2.39,-0.8,4.38,,2029-03-21,2018-03-21,Отсутствует,Россия,Cуверенный долг (РФ),Плохая,200000.0,2,2026-09-21,отсутствует,2026-09-15,fixed
XS0114288789,RUSSIA30,AAA,USD,353.0,100.0,294.0,7.5,7.5,1.61,0.55,7.5,,2030-03-31,2000-03-31,Отсутствует,Россия,Cуверенный долг (РФ),Очень плохая,0.04,2,2026-09-30,есть,2026-09-15,fixed
RU000A102CL3,RUSSIA32E,AAA,EUR,224.0,62.5,702.0,10.37,2.96,5.66,0.0,1.85,,2032-11-20,2020-11-20,Отсутствует,Россия,Cуверенный долг (РФ),Плохая,100000.0,1,2026-11-20,отсутствует,2026-09-15,fixed
RU000A1006S9,RUSSIA35,AAA,USD,1176.0,76.3,441.0,9.16,6.68,6.56,-2.2,5.1,,2035-03-28,2019-03-28,Отсутствует,Россия,Cуверенный долг (РФ),Плохая,200000.0,2,2026-09-28,отсутствует,2026-09-15,fixed
RU000A1034K8,RUSSIA36E,AAA,EUR,248.0,53.62,701.0,10.5,4.94,8.09,0.69,2.65,,2036-05-27,2021-05-27,Отсутствует,Россия,Cуверенный долг (РФ),Плохая,100000.0,1,2027-05-27,отсутствует,2026-09-15,fixed
XS0767473852,RUSSIA42,AAA,USD,3000.0,65.73,496.0,10.02,8.55,8.92,-0.55,5.62,,2042-04-04,2012-04-04,Отсутствует,Россия,Cуверенный долг (РФ),Очень плохая,200000.0,2,2026-10-04,отсутствует,2026-09-15,fixed
RU000A0JXU14,RUSSIA47,AAA,USD,4223.0,61.71,430.0,9.51,8.51,10.41,0.0,5.25,,2047-06-23,2017-06-23,Отсутствует,Россия,Cуверенный долг (РФ),Плохая,200000.0,2,2026-12-23,отсутствует,2026-09-15,fixed
XS2325559396,SCFRU28,AAA,USD,47.177,64.48,2982.0,34.32,5.97,1.53,0.0,3.85,,2028-04-26,2021-04-26,Отсутствует,Совкомфлот,Транспорт,Не определена,1000.0,2,2026-10-26,отсутствует,2026-09-15,fixed
RU000A1062M5,SELGOLD001,A+/A,GLD,26326.0,87.63,,15.44,6.28,1.46,-0.68,5.5,,2028-03-31,2023-04-07,Отсутствует,Селигдар,Металлургия,Очень плохая,11825.66,4,2026-10-02,отсутствует,2026-09-15,fixed
RU000A106XD7,SELGOLD002,A+/A,GLD,11059.0,90.3,,11.17,6.09,1.94,-0.21,5.5,,2030-01-03,2023-10-12,Отсутствует,Селигдар,Металлургия,Очень плохая,9578.781,4,2026-10-08,есть,2026-09-15,fixed
RU000A108RQ7,SELGOLD003,A+/A,GLD,2066.0,91.22,,9.17,6.03,2.73,-0.15,5.5,,2029-09-14,2024-06-21,Отсутствует,Селигдар,Металлургия,Очень плохая,11825.66,4,2026-09-18,отсутствует,2026-09-15,fixed
RU000A10ABK5,SELSILV01,A+/A,SLV,445.0,102.47,,3.23,3.9,3.04,-0.81,4.0,,2029-12-07,2024-12-13,Отсутствует,Селигдар,Металлургия,Очень плохая,1780.0,4,2026-12-11,отсутствует,2026-09-15,fixed
RU000A107738,TCS-perp1,AA (BBB),USD,146.0,97.0,776.0,16.34,12.49,0.95,,12.12,2027-09-15,,2023-11-13,Колл,Т Банк,Банки,Не определена,1000.0,4,2026-12-15,отсутствует,2026-09-15,fixed
RU000A107746,TCS-perp2,AA (BBB),USD,289.0,77.67,17065.0,179.4,7.72,0.26,0.46,6.0,2026-12-20,,2023-11-13,Колл,Т Банк,Банки,Не определена,1000.0,4,2026-09-20,отсутствует,2026-09-15,fixed
XS0223715920,VTB35,AAA,USD,23.0,105.01,61.0,5.52,5.95,6.87,0.01,6.25,,2035-07-02,2005-06-30,Отсутствует,ВТБ,Банки,Не определена,1000.0,2,2027-01-02,отсутствует,2026-09-15,fixed
RU000A10CM71,iАйдеко 01,BB-,RUB,500.0,101.6,1219.0,24.93,26.57,0.41,0.03,27.0,2027-03-02,2028-08-29,2025-09-02,Пут,Айдеко,IT,Отличная,1000.0,4,2026-12-01,есть,2026-09-15,fixed
RU000A10BS76,iВУШ 1P4,BBB+,RUB,5000.0,94.39,1295.0,27.23,21.45,1.43,-0.05,20.25,,2028-05-26,2025-06-11,Отсутствует,ВУШ,"Потребительские товары, IT",Отличная,1000.0,12,2026-10-04,отсутствует,2026-09-15,fixed
RU000A10E6D0,iВУШ 1P5,BBB+,RUB,1000.0,99.64,1098.0,24.74,22.08,1.16,-0.18,22.0,,2028-01-19,2026-01-29,Отсутствует,ВУШ,Потребительские товары,Отличная,1000.0,12,2026-09-26,отсутствует,2026-09-15,fixed
RU000A10EYU8,iВУШ 1P6,BBB+,RUB,667.0,99.57,989.0,24.63,22.1,1.96,-0.12,22.0,,2029-04-12,2026-04-28,Отсутствует,ВУШ,Потребительские товары,Отличная,1000.0,12,2026-09-25,отсутствует,2026-09-15,fixed
RU000A10FGU2,iВУШ 1P7,BBB+,RUB,1000.0,100.42,992.0,24.74,22.41,2.2,0.17,22.5,,2029-10-05,2026-06-23,Отсутствует,ВУШ,Потребительские товары,Отличная,1000.0,12,2026-09-21,отсутствует,2026-09-15,fixed
RU000A10FWY1,iВУШ 1P8,BBB+,RUB,280.0,99.32,992.0,24.74,22.15,2.21,0.22,22.0,,2029-10-04,2026-08-21,Отсутствует,ВУШ,Потребительские товары,Отличная,1000.0,12,2026-09-20,отсутствует,2026-09-15,fixed
RU000A106UW3,iКарРус1P3,BBB+,RUB,4500.0,86.59,2196.0,35.28,15.82,0.86,0.1,13.7,,2027-08-18,2023-09-08,Отсутствует,Делимобиль,"Розница, IT",Отличная,1000.0,12,2026-09-22,отсутствует,2026-09-15,fixed
RU000A10BY52,iКарРус1P6,BBB+,RUB,2000.0,88.95,1766.0,31.98,22.48,1.45,0.17,20.0,,2028-06-15,2025-07-01,Отсутствует,Делимобиль,Розница,Хорошая,1000.0,12,2026-09-24,отсутствует,2026-09-15,fixed
RU000A10CCG7,iКарРус1P7,BBB+,RUB,1500.0,93.78,1641.0,29.67,19.46,0.81,-0.17,18.25,,2027-08-02,2025-08-12,Отсутствует,Делимобиль,Розница,Отличная,1000.0,12,2026-10-06,отсутствует,2026-09-15,fixed
RU000A10F512,iКарРус1P8,BBB+,RUB,1202.0,96.0,1276.0,27.4,22.92,1.67,-1.41,22.0,,2029-04-22,2026-05-08,Отсутствует,Делимобиль,Розница,Хорошая,1000.0,12,2026-10-05,есть,2026-09-15,fixed
RU000A10FQB1,iКарРус1P9,BBB+,RUB,850.0,95.85,1176.0,26.61,22.95,2.31,0.19,22.0,,2030-01-02,2026-07-22,Отсутствует,Делимобиль,Розница,Хорошая,1000.0,12,2026-09-20,отсутствует,2026-09-15,fixed
RU000A10BWC6,iПозитивР3,AA/AA-,RUB,10000.0,104.24,188.0,16.03,17.27,1.37,0.0,18.0,,2028-04-12,2025-06-27,Отсутствует,Positive Technologies,IT,Отличная,1000.0,12,2026-09-20,отсутствует,2026-09-15,fixed
RU000A10EA08,iСЛ 2P2,A-,RUB,6600.0,104.74,365.0,18.35,18.62,1.85,0.04,19.5,,2028-12-20,2026-02-13,Отсутствует,Softline,IT,Отличная,1000.0,12,2026-10-11,отсутствует,2026-09-15,fixed
RU000A10CU89,iСелктл1Р6,A+,RUB,6000.0,100.45,209.0,16.15,15.33,1.33,0.12,15.4,,2028-03-14,2025-09-26,Отсутствует,Селектел,IT,Отличная,1000.0,12,2026-09-21,отсутствует,2026-09-15,fixed
RU000A10EEZ9,iСелктл1Р7,A+,RUB,7000.0,100.5,103.0,15.79,14.93,2.03,0.24,15.0,,2029-02-16,2026-03-04,Отсутствует,Селектел,IT,Отличная,1000.0,12,2026-09-30,отсутствует,2026-09-15,fixed
RU000A10FMY2,iСелктл1Р8,A+,RUB,7500.0,102.55,109.0,15.93,15.6,2.27,0.35,16.0,,2029-06-27,2026-07-13,Отсутствует,Селектел,IT,Отличная,1000.0,12,2026-10-11,отсутствует,2026-09-15,fixed
RU000A100EV2,iУОМЗ Б-П1,A-,RUB,3500.0,75.07,-336.0,11.36,0.13,2.69,-4.93,0.1,,2029-05-24,2019-06-06,Отсутствует,УОМЗ,Промышленность,Очень плохая,1000.0,2,2026-11-26,отсутствует,2026-09-15,fixed
RU000A102HU3,iУОМЗ Б-П2,A-,RUB,12.0,80.0,-107.0,13.32,0.12,1.8,,0.1,2028-06-07,2030-12-04,2020-12-16,Пут,УОМЗ,Промышленность,Очень плохая,1000.0,2,2026-12-09,отсутствует,2026-09-15,fixed
RU000A10FX18,iФабрик1Р1,A-,RUB,3500.0,99.49,443.0,19.05,17.34,1.61,-0.11,17.25,,2028-08-10,2026-08-21,Отсутствует,Фабрика,IT,Отличная,1000.0,12,2026-09-20,отсутствует,2026-09-15,fixed
RU000A108405,iХРОМОС Б1,BB,RUB,500.0,96.39,2640.0,39.35,10.37,0.16,-0.2,10.0,2026-11-13,2028-03-07,2024-03-28,Пут,Хромос Инжинириинг,Промышленность,Отличная,1000.0,12,2026-10-14,есть,2026-09-15,fixed
RU000A10C7C2,iЭдьюкейшн,BBB,RUB,600.0,66.99,4426.0,58.57,29.48,1.44,-0.76,19.75,,2028-07-14,2025-07-30,Отсутствует,Алтимейт Эдьюкейшн,IT,Хорошая,1000.0,12,2026-09-23,отсутствует,2026-09-15,fixed
RU000A104Z48,sВЭБ2P-33,AAA,RUB,50000.0,96.63,190.0,15.15,10.56,0.8,-0.07,10.2,,2027-07-15,2022-07-21,Отсутствует,ВЭБ,Банки,Отличная,1000.0,2,2027-01-14,отсутствует,2026-09-15,fixed
RU000A10FMQ8,sГЛОРАК2Р1,BBB+,RUB,6100.0,101.09,609.0,20.8,19.29,2.44,0.1,19.5,,2029-12-21,2026-07-10,Отсутствует,GloraX,Недвижимость,Отличная,1000.0,12,2026-10-08,отсутствует,2026-09-15,fixed
RU000A107A28,sГПБ005P1P,AAA/AA+,RUB,15000.0,99.8,76.0,13.69,12.78,0.2,-0.19,12.75,,2026-11-28,2023-11-28,Отсутствует,Газпромбанк,Банки,Отличная,1000.0,4,2026-11-28,отсутствует,2026-09-15,fixed
RU000A10C6F7,sГТЛК 2P-9,AA-,RUB,20000.0,100.18,335.0,17.97,16.72,1.63,-0.02,16.75,,2029-07-04,2025-07-25,Отсутствует,ГТЛК,Лизинг,Отличная,1000.0,12,2026-09-18,есть,2026-09-15,fixed
RU000A10EMU3,sГТЛК2P-12,AA-,RUB,30000.0,98.51,358.0,18.35,16.5,2.09,-0.04,16.25,,2030-03-02,2026-03-23,Отсутствует,ГТЛК,Лизинг,Отличная,1000.0,12,2026-09-19,есть,2026-09-15,fixed
RU000A1082G5,sЕвТран2P1,,RUB,2000.0,5.42,,,285.98,0.43,0.32,15.5,,2031-02-11,2024-03-19,Отсутствует,ЕвроТранс,Розница,Хорошая,1000.0,12,2026-10-05,есть,2026-09-15,fixed
RU000A10BVW6,sЕвТранс01,,RUB,4000.0,5.65,,,407.08,0.28,-0.06,23.0,,2032-05-20,2025-06-26,Отсутствует,ЕвроТранс,Розница,Отличная,1000.0,12,2026-09-19,есть,2026-09-15,fixed
RU000A108D81,sЕвТрнс2P2,,RUB,800.0,5.63,,,275.31,0.39,0.22,15.5,,2031-03-27,2024-05-02,Отсутствует,ЕвроТранс,Розница,Средняя,1000.0,12,2026-09-19,есть,2026-09-15,fixed
RU000A104A39,sКапиталР1,AA/AA-,RUB,5000.0,99.0,137.0,14.25,10.35,0.24,0.0,10.25,,2026-12-11,2021-12-17,Отсутствует,ИНК,Нефть и Газ,Отличная,1000.0,2,2026-12-11,отсутствует,2026-09-15,fixed
RU000A10EVH1,sЛЕГЕНД2P6,BBB+/BBB,RUB,10000.0,65.66,451.0,19.19,1.52,2.53,-2.84,1.0,,2029-04-12,2026-04-16,Отсутствует,Легенда,Недвижимость,Плохая,1000.0,4,2026-10-15,отсутствует,2026-09-15,fixed
RU000A1033Z8,sМГор74-об,AAA,RUB,70000.0,89.47,67.0,15.23,8.25,1.56,-0.12,7.38,,2028-05-18,2021-05-27,Отсутствует,Москва,Субфедеральный долг,Отличная,1000.0,2,2026-11-19,отсутствует,2026-09-15,fixed
RU000A10BPQ0,sСОПФДОМ13,AAA,RUB,10000.0,103.15,70.0,13.76,17.4,0.66,0.09,17.95,,2027-05-27,2025-05-29,Отсутствует,СОПФ ДОМ.РФ,Банки,Средняя,1000.0,12,2026-11-26,отсутствует,2026-09-15,fixed
RU000A10DPW4,sСистем2P6,A+,RUB,3750.0,101.93,338.0,17.72,17.41,1.46,-0.06,17.75,,2028-05-22,2025-12-04,Отсутствует,АФК Система,"Промышленность, Телекоммуникации",Отличная,1000.0,12,2026-09-30,отсутствует,2026-09-15,fixed
RU000A108KU4,А101 1P01,A+,RUB,500.0,101.72,222.0,15.24,16.71,0.62,0.09,17.0,,2027-05-16,2024-05-31,Отсутствует,A101,Недвижимость,Отличная,1000.0,12,2026-09-18,отсутствует,2026-09-15,fixed
RU000A10DZU7,А101 1P02,A+,RUB,4150.0,101.19,346.0,17.16,16.8,1.12,-0.01,17.0,,2027-12-16,2025-12-26,Отсутствует,A101,Недвижимость,Отличная,1000.0,12,2026-09-22,отсутствует,2026-09-15,fixed
RU000A1070X5,АБЗ-1 1Р05,A-,RUB,350.0,99.83,226.0,16.37,12.02,0.04,-0.11,12.0,,2026-09-30,2023-10-16,Отсутствует,АБЗ-1,Промышленность,Отличная,175.0,12,2026-09-30,есть,2026-09-15,fixed
RU000A10BNM4,АБЗ-1 2Р03,A-,RUB,2500.0,107.99,486.0,18.26,23.61,0.92,-0.19,25.5,,2028-05-07,2025-05-23,Отсутствует,АБЗ-1,Промышленность,Отличная,1000.0,12,2026-10-15,есть,2026-09-15,fixed
RU000A10DCK7,АБЗ-1 2Р04,A-,RUB,3000.0,101.75,577.0,19.71,19.16,1.27,0.0,19.5,,2028-10-16,2025-11-01,Отсутствует,АБЗ-1,Промышленность,Отличная,1000.0,12,2026-09-27,есть,2026-09-15,fixed
RU000A10EW51,АБЗ-1 2Р06,A-,RUB,4000.0,99.4,478.0,19.41,17.61,1.64,-0.09,17.5,,2029-04-01,2026-04-17,Отсутствует,АБЗ-1,Промышленность,Отличная,1000.0,12,2026-10-14,есть,2026-09-15,fixed
RU000A10FZU2,АБЗ-1 2Р07,A-,RUB,1000.0,99.54,485.0,19.56,17.83,1.89,-0.05,17.75,,2029-08-17,2026-09-02,Отсутствует,АБЗ-1,Промышленность,Отличная,1000.0,12,2026-10-02,есть,2026-09-15,fixed
RU000A10EPU6,АВТОА1P01,BB+,RUB,500.0,91.99,1858.0,33.27,26.63,1.82,-0.96,24.5,,2029-03-11,2026-03-27,Отсутствует,Автоассистанс,Розница,Хорошая,1000.0,12,2026-09-23,отсутствует,2026-09-15,fixed
RU000A106K35,АВТОБФ БП4,A+,RUB,5000.0,120.0,-4490.0,-32.13,12.5,0.33,18.9,15.0,2027-01-19,2028-07-18,2023-07-25,Пут,Автобан,Недвижимость,Плохая,1000.0,4,2026-10-20,отсутствует,2026-09-15,fixed
RU000A108JC4,АВТОБФ БП5,A+ (A),RUB,5000.0,100.0,176.0,14.42,15.0,0.23,-0.01,15.0,2026-12-08,2029-06-05,2024-06-11,Пут,Автобан,Недвижимость,Плохая,1000.0,2,2026-12-08,отсутствует,2026-09-15,fixed
RU000A108JD2,АВТОБФ БП6,A+,RUB,5000.0,100.93,88.0,14.05,14.86,0.73,0.67,15.0,2027-06-21,2030-06-17,2024-06-24,Пут,Автобан,Недвижимость,Плохая,1000.0,2,2026-12-21,отсутствует,2026-09-15,fixed
RU000A10ERE6,АВТОБФ БП8,A+,RUB,8500.0,99.8,369.0,18.4,16.93,1.88,0.1,16.9,2028-12-18,2032-03-02,2026-04-03,Пут,Автобан,Недвижимость,Отличная,1000.0,12,2026-09-30,отсутствует,2026-09-15,fixed
RU000A1065Y3,АГТК БО-02,BB,RUB,115.0,97.53,953.0,22.31,15.38,0.45,0.1,15.0,,2027-07-22,2023-04-27,Отсутствует,Агротек,Сельское хозяйство,Средняя,1000.0,4,2026-10-22,есть,2026-09-15,fixed
RU000A106YL8,АГТК БО-03,BB,RUB,150.0,98.94,811.0,20.83,16.68,0.37,0.23,16.5,2026-09-24,2027-06-24,2023-09-28,Колл,Агротек,Сельское хозяйство,Средняя,1000.0,4,2026-09-24,есть,2026-09-15,fixed
RU000A1083X8,АГТК БО-04,BB,RUB,75.0,91.99,993.0,24.61,19.57,1.81,0.0,18.0,2027-03-25,2029-03-22,2024-03-28,Колл,Агротек,Сельское хозяйство,Плохая,1000.0,4,2026-09-24,есть,2026-09-15,fixed
RU000A1083V2,АГТК БО-05,BB,RUB,75.0,91.98,994.0,24.62,19.57,1.81,-0.48,18.0,2027-03-25,2029-03-22,2024-03-28,Колл,Агротек,Сельское хозяйство,Плохая,1000.0,4,2026-09-24,есть,2026-09-15,fixed
RU000A10FG84,АЛМ01Р1,A-,RUB,4000.0,99.69,479.0,19.22,17.55,1.5,0.09,17.5,,2028-06-07,2026-06-18,Отсутствует,Алиум,Промышленность,Отличная,1000.0,12,2026-09-16,отсутствует,2026-09-15,fixed
RU000A10FWZ8,АЛМ01Р2,A-,RUB,1700.0,99.89,503.0,19.64,18.02,1.6,-0.06,18.0,,2028-08-10,2026-08-21,Отсутствует,Алиум,Промышленность,Отличная,1000.0,12,2026-09-20,отсутствует,2026-09-15,fixed
RU000A108TV3,АЛРОCЗ027Д,AAA,USD,198.0,96.83,-113.0,7.51,3.2,0.77,0.13,3.1,,2027-06-25,2024-06-26,Отсутствует,АЛРОСА,Металлургия,Не определена,1000.0,2,2026-12-25,отсутствует,2026-09-15,fixed
RU000A0ZYWB3,АЛЬФА БО39,AAA/AA+,RUB,10000.0,103.11,190.0,15.34,17.75,0.95,-0.15,18.3,2027-09-12,2033-03-17,2018-03-06,Пут,Альфа-Банк,Банки,Средняя,1000.0,2,2027-03-13,отсутствует,2026-09-15,fixed
RU000A0ZYU21,АЛЬФА БО40,AAA/AA+,RUB,10000.0,99.32,192.0,14.71,13.29,0.45,-0.33,13.2,2027-02-28,2033-03-04,2018-02-21,Пут,Альфа-Банк,Банки,Средняя,1000.0,2,2027-02-28,отсутствует,2026-09-15,fixed
RU000A100GW5,АЛЬФА-БС01,AAA/AA+ (A-),RUB,5000.0,79.5,,,18.87,0.04,-0.5,15.0,2026-09-17,,2019-06-27,Колл,Альфа-Банк,Банки,Плохая,10000000.0,4,2026-09-17,отсутствует,2026-09-15,fixed
RU000A109YT5,АЛЬФАБ1Р17,AAA/AA+,RUB,30.0,60.0,-574.0,10.47,0.0,5.13,-3.9,0.0,,2031-10-31,2024-11-01,Отсутствует,Альфа-Банк,Банки,Очень плохая,1000.0,1,2031-10-31,отсутствует,2026-09-15,fixed
RU000A107AM4,АЛЬФАБ2Р25,AAA/AA+,RUB,11000.0,100.0,24.0,13.15,13.25,0.2,0.02,13.25,,2026-11-26,2023-11-30,Отсутствует,Альфа-Банк,Банки,Хорошая,1000.0,4,2026-11-26,отсутствует,2026-09-15,fixed
RU000A107TH4,АЛЬФАБ2Р26,AAA/AA+,RUB,11000.0,100.27,102.0,13.76,13.76,0.41,0.1,13.8,,2027-02-17,2024-02-21,Отсутствует,Альфа-Банк,Банки,Отличная,1000.0,4,2026-11-18,отсутствует,2026-09-15,fixed
RU000A10DS66,АЛЬФАБ2Р30,AAA/AA+,RUB,1184.0,100.92,88.0,13.99,14.37,0.7,0.0,14.5,,2027-06-09,2025-12-16,Отсутствует,Альфа-Банк,Банки,Отличная,1000.0,12,2026-10-12,отсутствует,2026-09-15,fixed
RU000A10E7Q0,АЛЬФАБ2Р31,AAA/AA+,RUB,30000.0,100.75,95.0,13.67,14.82,0.37,0.01,14.93,,2027-02-01,2026-02-06,Отсутствует,Альфа-Банк,Банки,Хорошая,1000.0,12,2026-10-04,отсутствует,2026-09-15,fixed
RU000A106Y70,АЛЬФАДОН01,CC,RUB,180.0,54.95,29402.0,306.74,32.76,0.38,-0.02,18.0,,2027-09-21,2023-09-26,Отсутствует,Альфа Дон Транс,Транспорт,Плохая,600.0,4,2026-09-22,есть,2026-09-15,fixed
RU000A10CAQ0,АЛЬФАДОНБ1,CC,RUB,262.0,41.66,12032.0,134.24,67.21,1.24,0.24,28.0,2028-08-21,2030-07-12,2025-08-07,Колл,Альфа Дон Транс,Транспорт,Плохая,1000.0,12,2026-10-01,есть,2026-09-15,fixed
RU000A108JQ4,АЛЬФАЗО350,AAA/AA+,USD,168.0,90.0,314.0,11.91,6.11,4.07,0.25,5.5,2026-10-26,2031-10-26,2024-05-27,Колл,Альфа-Банк,Банки,Не определена,1000.0,2,2026-10-26,отсутствует,2026-09-15,fixed
RU000A108BD9,АЛЬФАЗО400,AAA/AA+,USD,262.0,63.8,9675.0,105.43,9.25,0.67,0.8,5.9,2027-05-23,,2024-04-23,Колл,Альфа-Банк,Банки,Средняя,1000.0,4,2026-11-23,отсутствует,2026-09-15,fixed
RU000A108N55,АЛЬФАЗО500,AAA/AA+,USD,219.0,70.89,,,11.47,0.12,0.0,8.13,2026-10-30,,2024-06-10,Колл,Альфа-Банк,Банки,Не определена,1000.0,4,2026-10-30,отсутствует,2026-09-15,fixed
RU000A108Q29,АЛЬФАЗО850,AAA/AA+,USD,346.0,94.45,212.0,10.61,8.95,3.04,0.95,8.45,,2030-04-15,2024-06-17,Отсутствует,Альфа-Банк,Банки,Не определена,1000.0,2,2026-10-15,отсутствует,2026-09-15,fixed
RU000A106XJ4,АЛЬЯНС 1P2,BBB-,RUB,41.0,99.99,-231.0,16.6,13.5,0.0,0.48,13.5,,2026-09-17,2023-09-21,Отсутствует,Бизнес Альянс,Лизинг,Средняя,1000.0,4,2026-09-17,отсутствует,2026-09-15,fixed
RU000A107QM0,АЛЬЯНС 1P4,BBB-,RUB,444.0,97.28,1442.0,27.18,16.45,0.33,-0.16,16.0,,2027-01-20,2024-02-05,Отсутствует,Бизнес Альянс,Лизинг,Отличная,1000.0,12,2026-09-22,отсутствует,2026-09-15,fixed
RU000A108GM9,АЛЬЯНС 1P5,BBB-,RUB,38.0,96.34,1188.0,24.88,17.65,0.61,-0.81,17.0,,2027-05-08,2024-05-23,Отсутствует,Бизнес Альянс,Лизинг,Плохая,1000.0,12,2026-10-10,отсутствует,2026-09-15,fixed
RU000A109NR2,АЛЬЯНС 1P7,BBB-,RUB,64.0,99.19,6708.0,82.44,24.2,0.01,0.51,24.0,2026-09-21,2027-09-16,2024-10-01,Пут,Бизнес Альянс,Лизинг,Средняя,1000.0,12,2026-09-21,отсутствует,2026-09-15,fixed
RU000A10CSA6,АЛЬЯНС 1P8,BBB-,RUB,119.0,94.35,1433.0,28.94,23.32,1.6,-0.27,22.0,2027-09-09,2028-09-03,2025-09-19,Колл,Бизнес Альянс,Лизинг,Отличная,1000.0,12,2026-10-14,отсутствует,2026-09-15,fixed
RU000A10EN78,АЛЬЯНС 1P9,BBB-,RUB,544.0,96.5,1390.0,28.6,24.35,1.86,-0.4,23.5,2027-09-16,2029-03-09,2026-03-25,Колл,Бизнес Альянс,Лизинг,Отличная,1000.0,12,2026-09-21,отсутствует,2026-09-15,fixed
RU000A10A3Q3,АНТЕРРА-03,,RUB,350.0,8.0,,,375.0,0.55,-0.42,30.0,,2027-11-16,2024-11-19,Отсутствует,Антерра,Потребительские товары,Плохая,1000.0,4,2026-11-17,отсутствует,2026-09-15,fixed
RU000A105DS9,АПРИ 2Р1,BBB-,RUB,250.0,99.62,1327.0,26.25,24.09,0.14,-0.6,24.0,,2026-11-03,2022-11-08,Отсутствует,АПРИ,Недвижимость,Отличная,500.0,4,2026-11-03,есть,2026-09-15,fixed
RU000A10BM56,АПРИ 2Р10,BBB-,RUB,500.0,87.74,3804.0,51.29,29.06,0.8,-4.53,25.5,2027-08-10,2030-04-26,2025-05-22,Пут,АПРИ,Недвижимость,Хорошая,1000.0,12,2026-10-14,есть,2026-09-15,fixed
RU000A10CM06,АПРИ 2Р11,BBB-,RUB,2500.0,81.9,3178.0,46.13,30.53,1.46,-8.44,25.0,,2028-08-13,2025-08-29,Отсутствует,АПРИ,Недвижимость,Отличная,1000.0,12,2026-09-23,отсутствует,2026-09-15,fixed
RU000A10DZH4,АПРИ 2Р12,BBB-,RUB,600.0,82.39,2828.0,42.93,30.34,1.7,-6.96,25.0,,2029-06-08,2025-12-26,Отсутствует,АПРИ,Недвижимость,Хорошая,1000.0,12,2026-09-22,есть,2026-09-15,fixed
RU000A10E5C4,АПРИ 2Р13,BBB-,RUB,2700.0,79.89,2962.0,44.28,30.67,1.73,-7.4,24.5,,2029-07-06,2026-01-23,Отсутствует,АПРИ,Недвижимость,Отличная,1000.0,12,2026-09-20,есть,2026-09-15,fixed
RU000A10ERC0,АПРИ 2Р14,BBB-,RUB,5000.0,79.15,2650.0,41.31,31.27,2.2,-5.64,24.75,,2031-03-08,2026-04-03,Отсутствует,АПРИ,Недвижимость,Хорошая,1000.0,12,2026-09-30,есть,2026-09-15,fixed
RU000A106631,АПРИ 2Р2,BBB-,RUB,750.0,93.24,4239.0,55.16,25.74,0.32,-4.78,24.0,,2027-04-22,2023-04-27,Отсутствует,АПРИ,Недвижимость,Хорошая,750.0,4,2026-10-22,есть,2026-09-15,fixed
RU000A106WZ2,АПРИ 2Р3,BBB-,RUB,750.0,95.94,2257.0,35.53,25.02,0.58,-3.54,24.0,,2027-09-14,2023-09-19,Отсутствует,АПРИ,Недвижимость,Отличная,1000.0,4,2026-12-15,есть,2026-09-15,fixed
RU000A107FZ5,АПРИ 2Р4,BBB-,RUB,250.0,96.23,1920.0,32.4,24.94,0.76,-1.75,24.0,,2027-12-17,2023-12-22,Отсутствует,АПРИ,Недвижимость,Средняя,1000.0,4,2026-09-18,есть,2026-09-15,fixed
RU000A10A1P9,АПРИ 2Р5,BBB-,RUB,142.0,95.5,2900.0,41.71,25.13,0.39,-1.0,24.0,2027-02-09,2028-11-07,2024-11-12,Пут,АПРИ,Недвижимость,Средняя,1000.0,4,2026-11-10,есть,2026-09-15,fixed
RU000A10A554,АПРИ 2Р6,BBB-,RUB,31.0,90.0,1890.0,33.29,24.44,1.48,0.0,22.0,,2028-12-05,2024-11-26,Отсутствует,АПРИ,Недвижимость,Плохая,1000.0,12,2026-09-17,есть,2026-09-15,fixed
RU000A10AUG3,АПРИ 2Р7,BBB-,RUB,305.0,82.59,2548.0,40.28,30.88,2.14,-7.02,25.5,,2030-01-17,2025-02-12,Отсутствует,АПРИ,Недвижимость,Хорошая,1000.0,12,2026-10-05,отсутствует,2026-09-15,fixed
RU000A10AG48,АПРИ 2Р8,BBB-,RUB,625.0,80.08,3308.0,47.4,29.97,1.45,-6.43,24.0,,2029-01-03,2024-12-25,Отсутствует,АПРИ,Недвижимость,Хорошая,1000.0,12,2026-09-16,есть,2026-09-15,fixed
RU000A10AZY5,АПРИ 2Р9,BBB-,RUB,1000.0,85.64,3934.0,52.61,28.02,0.82,-5.36,24.0,2027-08-21,2030-02-06,2025-03-04,Пут,АПРИ,Недвижимость,Отличная,1000.0,12,2026-09-25,есть,2026-09-15,fixed
RU000A107217,АРЕНЗА1Р03,BBB+,RUB,300.0,100.25,683.0,19.82,19.95,0.14,-0.06,20.0,2026-11-08,2028-11-21,2023-10-19,Пут,Аренза,Лизинг,Отличная,1000.0,12,2026-10-08,отсутствует,2026-09-15,fixed
RU000A107ST1,АРЕНЗА1Р04,BBB+,RUB,400.0,100.69,287.0,15.68,16.88,0.3,0.49,17.0,2027-01-05,2029-03-21,2024-02-16,Пут,Аренза,Лизинг,Хорошая,1000.0,12,2026-10-04,отсутствует,2026-09-15,fixed
RU000A10EAB8,АРЕНЗА1Р07,BBB+,RUB,400.0,103.49,361.0,17.99,18.36,1.48,0.1,19.0,,2029-03-08,2026-02-16,Отсутствует,Аренза,Лизинг,Средняя,1000.0,12,2026-09-21,есть,2026-09-15,fixed
RU000A10EJR5,АРЛФ1Р01,BB+,RUB,700.0,91.26,1784.0,32.54,25.75,1.84,-0.38,23.5,2027-09-04,2029-02-25,2026-03-13,Колл,Арлифт Интернешнл,Розница,Хорошая,1000.0,12,2026-10-09,отсутствует,2026-09-15,fixed
RU000A10FBK4,АРЛФ1Р02,BB+,RUB,630.0,87.67,1977.0,34.5,26.52,1.95,-1.8,23.25,2027-11-27,2029-05-20,2026-06-05,Колл,Арлифт Интернешнл,Розница,Хорошая,1000.0,12,2026-10-03,отсутствует,2026-09-15,fixed
RU000A1089L0,АСВ 1Р02,BB+,RUB,182.0,99.52,1048.0,23.27,20.1,0.31,-0.1,20.0,,2027-04-09,2024-04-12,Отсутствует,Агентство Судебного Взыскания,МФО,Отличная,520.0,4,2026-10-09,есть,2026-09-15,fixed
RU000A109TF4,АСВ 1Р03,BB+,RUB,77.0,101.39,-471.0,8.36,25.4,0.08,-0.87,25.75,2026-10-16,2027-10-15,2024-10-18,Колл,Агентство Судебного Взыскания,МФО,Плохая,1000.0,4,2026-10-16,отсутствует,2026-09-15,fixed
RU000A10DLC5,АСВ 1Р04,BB+,RUB,200.0,103.7,1072.0,25.35,24.11,1.67,-0.31,25.0,,2028-11-10,2025-11-26,Отсутствует,Агентство Судебного Взыскания,МФО,Хорошая,1000.0,12,2026-09-22,отсутствует,2026-09-15,fixed
RU000A10FJJ9,АСВ 1Р05,BB+,RUB,650.0,102.36,1064.0,25.38,23.45,2.02,0.26,24.0,,2029-06-14,2026-06-30,Отсутствует,Агентство Судебного Взыскания,МФО,Отличная,1000.0,12,2026-09-28,отсутствует,2026-09-15,fixed
RU000A10DYZ9,АСГТРАФО-1,BB,RUB,100.0,100.13,1207.0,26.77,23.97,2.64,-0.16,24.0,2026-12-20,2030-11-29,2025-12-25,Колл,Трансформаторен,Промышленность,Отличная,1000.0,12,2026-09-21,отсутствует,2026-09-15,fixed
RU000A10FX42,АСГТРАФО-2,BB,RUB,100.0,97.56,1101.0,25.79,22.55,2.12,-1.07,22.0,2028-02-12,2029-08-05,2026-08-21,Колл,Трансформаторен,Промышленность,Погранично хорошая,1000.0,12,2026-09-20,отсутствует,2026-09-15,fixed
RU000A109F05,АСПЭКДом02,BB-,RUB,54.0,99.9,1190.0,24.79,24.52,0.22,-0.7,24.5,2026-12-04,2027-09-03,2024-09-06,Пут,АСПЭК,Недвижимость,Хорошая,1000.0,4,2026-12-04,есть,2026-09-15,fixed
RU000A1089A3,АСпэйс 1Р1,BB+,RUB,144.0,98.7,868.0,21.53,17.22,0.49,-0.06,17.0,,2027-09-23,2024-04-11,Отсутствует,Аполлакс Спэйс,Недвижимость,Отличная,722.5,12,2026-09-28,есть,2026-09-15,fixed
RU000A10FSG6,АСпэйс 1Р3,BB+,RUB,500.0,103.18,767.0,22.14,21.56,1.52,0.02,22.25,2028-07-19,2030-01-10,2026-07-30,Колл,Аполлакс Спэйс,Недвижимость,Отличная,1000.0,12,2026-09-28,есть,2026-09-15,fixed
RU000A107225,АФАНСБО-01,,RUB,100.0,99.5,877.0,21.81,16.08,0.08,-0.46,16.0,,2026-10-15,2023-10-19,Отсутствует,Частная пивоварня Афанасий,Розница,Погранично хорошая,1000.0,4,2026-10-15,отсутствует,2026-09-15,fixed
RU000A10B0U0,АФБАНК1Р14,AA,RUB,5000.0,103.5,304.0,15.79,22.22,0.42,-0.21,23.0,,2027-02-24,2025-03-06,Отсутствует,Авто Финанс Банк,Банки,Отличная,1000.0,12,2026-09-27,отсутствует,2026-09-15,fixed
RU000A10C6P6,АФБАНК1Р15,AA,RUB,10000.0,102.6,163.0,16.19,16.33,1.56,0.23,16.75,,2028-07-09,2025-07-25,Отсутствует,Авто Финанс Банк,Банки,Отличная,1000.0,12,2026-09-18,отсутствует,2026-09-15,fixed
RU000A10D9K0,АФБАНК1Р16,AA,RUB,6000.0,102.11,214.0,16.06,16.31,1.26,0.14,16.65,,2028-02-14,2025-10-27,Отсутствует,Авто Финанс Банк,Банки,Отличная,1000.0,12,2026-09-22,отсутствует,2026-09-15,fixed
RU000A10EQ34,АФБАНК1Р18,AA,RUB,7000.0,98.76,170.0,16.48,14.94,2.08,-0.03,14.75,,2029-03-14,2026-03-30,Отсутствует,Авто Финанс Банк,Банки,Отличная,1000.0,12,2026-09-26,отсутствует,2026-09-15,fixed
RU000A10FGX6,АФБАНК1Р19,AA,RUB,10000.0,97.14,183.0,16.64,14.62,2.25,-0.06,14.2,,2029-06-07,2026-06-23,Отсутствует,Авто Финанс Банк,Банки,Отличная,1000.0,12,2026-09-21,отсутствует,2026-09-15,fixed
RU000A10C6W2,Абрау2P-01,A+,RUB,500.0,100.75,131.0,14.08,15.38,0.33,0.23,15.5,,2027-01-19,2025-07-28,Отсутствует,Абрау-Дюрсо,Сельское хозяйство,Отличная,1000.0,12,2026-09-21,отсутствует,2026-09-15,fixed
RU000A104XR2,Автодор3Р2,AA+/AA,RUB,30513.0,97.62,121.0,14.41,10.91,0.77,0.02,10.65,,2027-07-01,2022-07-07,Отсутствует,Автодор,Транспорт,Отличная,1000.0,2,2027-01-30,отсутствует,2026-09-15,fixed
RU000A10F6F4,Автодор4Р8,AA+/AA,RUB,10200.0,100.17,271.0,15.58,14.87,0.52,0.07,14.9,2027-05-10,2028-12-30,2026-05-15,Пут,Автодор,Транспорт,Отличная,1000.0,12,2026-10-12,есть,2026-09-15,fixed
RU000A10EPQ4,Автодр5Р16,AA+/AA,RUB,3500.0,100.8,134.0,16.03,15.28,1.83,-0.24,15.4,,2028-11-11,2026-03-27,Отсутствует,Автодор,Транспорт,Отличная,1000.0,12,2026-09-23,отсутствует,2026-09-15,fixed
RU000A10FYR1,Автодр5Р17,AA+/AA,RUB,1000.0,102.0,-109.0,11.96,14.12,0.65,0.01,14.4,,2027-05-24,2026-08-27,Отсутствует,Автодор,Транспорт,Плохая,1000.0,12,2026-09-26,отсутствует,2026-09-15,fixed
RU000A10A794,Автом01CNY,BB,CNY,17.0,103.9,1176.0,18.83,20.21,1.19,-0.09,21.0,,2028-05-31,2024-12-04,Отсутствует,Автомоё,Розница,Средняя,100.0,4,2026-12-02,есть,2026-09-15,fixed
RU000A10B4F3,АгроUSD1P1,BB,USD,2.0,81.47,7166.0,80.4,18.41,0.46,-1.14,15.0,2027-03-10,2028-04-03,2025-03-20,Пут,Агро Зерно Юг,Сельское хозяйство,Погранично хорошая,10.0,12,2026-10-11,отсутствует,2026-09-15,fixed
RU000A10B5M6,Агродом02,,RUB,56.0,3.02,-1279.0,0.0,496.69,0.33,-0.77,15.0,,2027-03-16,2025-03-26,Отсутствует,АгроДом,Сельское хозяйство,Очень плохая,700.0,12,2026-09-17,есть,2026-09-15,fixed
RU000A10EXS4,Агроклуб 1,B+,RUB,96.0,92.68,1860.0,33.3,26.97,1.85,-0.1,25.0,2027-04-18,2029-04-07,2026-04-23,Колл,Агроклуб,IT,Средняя,1000.0,12,2026-09-20,отсутствует,2026-09-15,fixed
RU000A10DG78,АдвТрак1Р1,BB,RUB,500.0,100.24,1310.0,27.94,24.94,2.27,-0.03,25.0,2028-05-06,2030-10-23,2025-11-18,Колл,ЛК АдвансТрак,Лизинг,Отличная,1000.0,12,2026-10-14,есть,2026-09-15,fixed
RU000A10ECA6,АдвТрак1Р2,BB,RUB,500.0,96.55,1388.0,28.69,24.86,2.35,0.19,24.0,2028-08-08,2031-01-25,2026-02-20,Колл,ЛК АдвансТрак,Лизинг,Хорошая,1000.0,12,2026-09-18,есть,2026-09-15,fixed
RU000A10EXU0,АдвТрак1Р3,BB,RUB,500.0,95.64,1441.0,29.13,25.09,2.42,-0.41,24.0,2028-10-09,2031-03-28,2026-04-23,Колл,ЛК АдвансТрак,Лизинг,Хорошая,1000.0,12,2026-09-20,есть,2026-09-15,fixed
RU000A10FKU4,АдвТрак2Р1,BB,RUB,658.0,97.37,1409.0,28.79,25.16,2.52,0.37,24.5,2028-12-23,2031-06-11,2026-07-07,Колл,ЛК АдвансТрак,Лизинг,Хорошая,1000.0,12,2026-10-05,есть,2026-09-15,fixed
RU000A10B2P6,АйДиКол1P1,BBB-,RUB,1300.0,107.44,813.0,21.99,24.2,1.22,0.24,26.0,,2028-02-27,2025-03-12,Отсутствует,АйДи Коллект,МФО,Отличная,1000.0,12,2026-10-05,отсутствует,2026-09-15,fixed
RU000A10BQH7,АйДиКол1P4,BBB-,RUB,500.0,103.04,948.0,22.5,24.51,0.63,0.01,25.25,2027-05-25,2029-05-14,2025-06-04,Пут,АйДи Коллект,МФО,Отличная,1000.0,12,2026-09-27,отсутствует,2026-09-15,fixed
RU000A10BW88,АйДиКол1P5,BBB-,RUB,750.0,102.97,998.0,23.07,24.52,0.68,0.13,25.25,2027-06-17,2029-06-06,2025-06-27,Пут,АйДи Коллект,МФО,Отличная,1000.0,12,2026-09-20,отсутствует,2026-09-15,fixed
RU000A10D4V8,АйДиКол1P6,BBB-,RUB,1250.0,101.45,966.0,23.11,22.18,0.96,-0.02,22.5,2027-10-11,2029-09-30,2025-10-21,Пут,АйДи Коллект,МФО,Отличная,1000.0,12,2026-09-16,есть,2026-09-15,fixed
RU000A10EDV0,АйДиКол1P7,BBB-,RUB,1700.0,100.03,894.0,22.81,20.74,1.23,0.03,20.75,2028-02-17,2030-02-06,2026-02-27,Пут,АйДи Коллект,МФО,Отличная,1000.0,12,2026-09-25,есть,2026-09-15,fixed
RU000A10F0W2,АйДиКол1P8,BBB-,RUB,1300.0,99.87,752.0,22.31,20.28,2.13,-0.18,20.25,2028-04-18,2030-04-08,2026-04-29,Колл,АйДи Коллект,МФО,Отличная,1000.0,12,2026-09-26,есть,2026-09-15,fixed
RU000A10FZS6,АйДиКол1P9,BBB-,RUB,750.0,99.16,826.0,22.88,20.42,1.6,-0.04,20.25,2028-08-22,2030-08-12,2026-09-02,Пут,АйДи Коллект,МФО,Отличная,1000.0,12,2026-10-02,есть,2026-09-15,fixed
RU000A1071Z8,АйДиКоле05,BBB-,RUB,723.0,100.22,119.0,14.91,19.46,0.05,0.04,19.5,,2026-10-03,2023-10-19,Отсутствует,АйДи Коллект,МФО,Плохая,1000.0,12,2026-10-03,отсутствует,2026-09-15,fixed
RU000A107C34,АйДиКоле06,BBB-,RUB,556.0,100.06,576.0,18.81,17.99,0.1,0.01,18.0,,2026-11-21,2023-12-07,Отсутствует,АйДи Коллект,МФО,Отличная,252.0,12,2026-09-22,есть,2026-09-15,fixed
RU000A108L65,АйДиКоле07,BBB-,RUB,375.0,100.09,765.0,20.42,18.98,0.33,0.08,19.0,,2027-05-20,2024-06-04,Отсутствует,АйДи Коллект,МФО,Хорошая,751.0,12,2026-09-22,есть,2026-09-15,fixed
RU000A107M32,АквилонЛP3,BBB-,RUB,20.0,100.25,470.0,17.6,17.66,0.24,0.26,17.7,,2027-01-19,2024-01-23,Отсутствует,Аквилон-Лизинг,Лизинг,Плохая,200.0,4,2026-10-20,есть,2026-09-15,fixed
RU000A10DJM8,АквилонЛP4,BBB-,RUB,76.0,100.22,1041.0,23.35,21.95,0.57,-0.01,22.0,2027-05-21,2028-11-17,2025-11-21,Пут,Аквилон-Лизинг,Лизинг,Отличная,760.0,4,2026-11-20,есть,2026-09-15,fixed
RU000A0JWV89,Акрон Б1P1,AA,RUB,5000.0,99.9,-753.0,7.46,3.0,0.02,-0.06,3.0,,2026-09-24,2016-10-06,Отсутствует,Акрон,"Металлургия, Удобрения",Плохая,1000.0,2,2026-09-24,отсутствует,2026-09-15,fixed
RU000A0JXSS1,Акрон Б1P2,AA,RUB,5000.0,98.43,-561.0,7.49,5.08,0.68,0.78,5.0,,2027-05-25,2017-06-06,Отсутствует,Акрон,"Металлургия, Удобрения",Плохая,1000.0,2,2026-11-24,отсутствует,2026-09-15,fixed
RU000A10B347,Акрон Б1P7,AA,CNY,1120.0,100.46,235.0,9.42,10.45,0.32,-0.34,10.5,,2027-03-04,2025-03-14,Отсутствует,Акрон,"Металлургия, Удобрения",Отличная,700.0,12,2026-10-05,есть,2026-09-15,fixed
RU000A10BGH8,Акрон Б1P8,AA,USD,200.0,98.95,84.0,9.41,8.03,0.99,-0.35,7.95,,2027-11-10,2025-04-24,Отсутствует,Акрон,Удобрения,Отличная,1000.0,12,2026-09-16,есть,2026-09-15,fixed
RU000A10BRM5,Акрон Б1P9,AA,USD,200.0,96.49,143.0,9.89,8.03,2.08,-0.2,7.75,,2029-11-12,2025-06-06,Отсутствует,Акрон,Удобрения,Отличная,1000.0,12,2026-09-29,есть,2026-09-15,fixed
RU000A10DBZ7,Акрон Б2P1,AA,USD,150.0,96.5,131.0,9.76,7.98,2.16,0.08,7.7,,2029-03-14,2025-10-31,Отсутствует,Акрон,Удобрения,Хорошая,1000.0,12,2026-09-26,есть,2026-09-15,fixed
RU000A10E6T6,Акрон Б2P2,AA,CNY,1500.0,96.99,177.0,8.83,7.01,1.81,0.41,6.8,,2028-09-20,2026-02-03,Отсутствует,Акрон,Удобрения,Отличная,1000.0,12,2026-10-01,есть,2026-09-15,fixed
RU000A10F108,Акрон Б2P3,AA,CNY,1000.0,98.11,180.0,8.95,8.0,2.54,0.12,7.85,,2029-10-11,2026-04-30,Отсутствует,Акрон,Удобрения,Отличная,1000.0,12,2026-09-27,есть,2026-09-15,fixed
RU000A10CKS5,АлфФб ПК1,AAA,RUB,4794.0,99.9,452.0,17.43,16.02,0.55,-0.09,16.0,,2028-02-01,2025-09-09,Отсутствует,СФО Альфа Фабрика,Банки,Отличная,479.44,12,2026-10-01,есть,2026-09-15,fixed
RU000A10DXE6,АлфФб ПК2,AAA,RUB,7267.0,100.21,470.0,17.79,16.76,0.69,-0.08,16.8,,2028-07-01,2026-02-16,Отсутствует,СФО Альфа Фабрика ПК-2,,Отличная,726.69,12,2026-10-01,есть,2026-09-15,fixed
RU000A10ENP1,АлфФб ПК3,,RUB,16017.0,99.99,448.0,17.59,16.3,0.7,-0.11,16.3,,2028-08-01,2026-04-15,Отсутствует,СФО Альфа Фабрика ПК-3,,Отличная,800.84,12,2026-10-01,есть,2026-09-15,fixed
RU000A10F892,АлфФб ПК4,,RUB,25000.0,100.17,391.0,17.26,16.22,0.88,0.07,16.25,,2029-02-01,2026-08-27,Отсутствует,СФО Альфа Фабрика ПК-4,,Отличная,1000.0,12,2026-11-01,есть,2026-09-15,fixed
RU000A0JX5W4,АльфаБО-18,AAA/AA+,RUB,5000.0,100.13,127.0,14.06,14.83,0.32,0.25,14.85,2027-01-11,2032-01-05,2017-01-23,Пут,Альфа-Банк,Банки,Отличная,1000.0,2,2027-01-11,отсутствует,2026-09-15,fixed
RU000A0ZYBM4,АльфаБО-21,AAA/AA+,RUB,5000.0,99.99,-63.0,12.49,13.05,0.07,-0.29,13.05,2026-10-09,2032-10-13,2017-10-02,Пут,Альфа-Банк,Банки,Средняя,1000.0,2,2026-10-09,отсутствует,2026-09-15,fixed
RU000A10D4D6,Амур 31002,A+,RUB,2400.0,102.58,140.0,14.89,16.33,0.99,0.04,16.75,,2027-10-17,2025-10-17,Отсутствует,Амурская область,Субфедеральный долг,Отличная,1000.0,12,2026-10-16,отсутствует,2026-09-15,fixed
RU000A10B7H2,"Апт36,62P2",BBB+,RUB,1250.0,99.81,1886.0,33.95,24.55,0.02,-0.15,24.5,2026-09-23,2028-03-16,2025-04-01,Пут,"Аптечная сеть 36,6",Розница,Отличная,1000.0,12,2026-09-23,отсутствует,2026-09-15,fixed
RU000A10BV89,Арктик 01,BB,RUB,150.0,105.48,1279.0,26.94,26.55,1.37,0.18,28.0,,2028-06-08,2025-06-24,Отсутствует,Арктик Технолоджи Сервис,Металлургия,Средняя,1000.0,12,2026-09-17,отсутствует,2026-09-15,fixed
RU000A108DP9,АрлифтБО01,BB+,RUB,17.0,98.97,1475.0,27.73,23.74,0.59,0.55,23.5,2027-05-03,2028-05-01,2024-05-06,Пут,Арлифт Интернешнл,Розница,Плохая,500.0,4,2026-11-02,есть,2026-09-15,fixed
RU000A10DY27,АртгнБО02,BBB-,RUB,300.0,105.45,-801.0,4.77,19.91,0.32,-0.5,21.0,2027-01-17,2030-11-27,2025-12-23,Колл,Артген Биотех,IT,Погранично хорошая,1000.0,12,2026-09-19,отсутствует,2026-09-15,fixed
RU000A10BFG2,Атомэнпр05,AAA,RUB,40000.0,106.48,104.0,15.78,16.25,2.69,0.2,17.3,,2030-04-11,2025-04-17,Отсутствует,Атомэнергопром,Промышленность,Отличная,1000.0,4,2026-10-15,отсутствует,2026-09-15,fixed
RU000A10C3M0,Атомэнпр06,AAA,USD,600.0,94.68,128.0,9.7,7.6,2.54,-0.14,7.2,,2029-07-13,2025-07-18,Отсутствует,Атомэнергопром,Промышленность,Отличная,1000.0,4,2026-10-16,отсутствует,2026-09-15,fixed
RU000A10C6L5,Атомэнпр07,AAA,RUB,80000.0,97.69,107.0,16.03,14.69,2.94,-0.13,14.35,,2030-07-19,2025-07-25,Отсутствует,Атомэнергопром,Промышленность,Отличная,1000.0,4,2026-10-23,отсутствует,2026-09-15,fixed
RU000A10CT33,Атомэнпр08,AAA,RUB,30000.0,99.99,53.0,15.53,14.7,2.99,-0.06,14.7,,2030-09-17,2025-09-23,Отсутствует,Атомэнергопром,Промышленность,Отличная,1000.0,12,2026-09-22,отсутствует,2026-09-15,fixed
RU000A10DPS2,Атомэнпр09,AAA,RUB,25000.0,100.12,70.0,15.93,15.08,3.43,0.04,15.1,,2031-05-29,2025-12-04,Отсутствует,Атомэнергопром,Промышленность,Отличная,1000.0,4,2026-12-03,отсутствует,2026-09-15,fixed
RU000A10DYG9,Атомэнпр10,AAA,RUB,25000.0,100.36,71.0,15.91,15.1,3.36,0.01,15.15,,2031-06-18,2025-12-24,Отсутствует,Атомэнергопром,Промышленность,Отличная,1000.0,4,2026-09-23,отсутствует,2026-09-15,fixed
RU000A10EJQ7,Атомэнпр11,AAA,RUB,50000.0,99.36,113.0,15.81,14.79,2.62,0.06,14.7,,2029-12-07,2026-03-13,Отсутствует,Атомэнергопром,Промышленность,Отличная,1000.0,4,2026-12-11,отсутствует,2026-09-15,fixed
RU000A10F7L0,Атомэнпр12,AAA,RUB,80000.0,96.89,118.0,16.01,14.14,2.25,0.07,13.7,,2029-05-18,2026-05-22,Отсутствует,Атомэнергопром,Промышленность,Отличная,1000.0,4,2026-11-20,отсутствует,2026-09-15,fixed
RU000A10FNB8,Атомэнпр15,AAA,USD,110.0,98.08,80.0,9.26,8.16,2.03,-0.02,8.0,,2028-12-07,2026-07-14,Отсутствует,Атомэнергопром,,Хорошая,1000.0,4,2026-10-13,отсутствует,2026-09-15,fixed
RU000A10FNA0,Атомэнпр16,AAA,CNY,1800.0,99.79,84.0,7.91,7.52,1.17,0.2,7.5,,2027-12-09,2026-07-14,Отсутствует,Атомэнергопром,,Хорошая,1000.0,4,2026-10-13,отсутствует,2026-09-15,fixed
RU000A107AW3,Аэрфью2Р02,A,RUB,350.0,100.17,206.0,14.99,15.97,0.2,0.08,16.0,,2026-11-27,2023-12-01,Отсутствует,Аэрофьюэлз,Транспорт,Отличная,250.0,4,2026-11-27,есть,2026-09-15,fixed
RU000A10B3S8,Аэрфью2Р04,A,RUB,1600.0,103.34,608.0,18.88,23.95,0.46,0.08,24.75,,2027-03-19,2025-03-21,Отсутствует,Аэрофьюэлз,Транспорт,Отличная,1000.0,4,2026-09-18,отсутствует,2026-09-15,fixed
RU000A10C2E9,Аэрфью2Р05,A,RUB,2500.0,101.45,582.0,19.0,19.47,0.75,0.25,19.75,,2027-07-12,2025-07-14,Отсутствует,Аэрофьюэлз,Транспорт,Отличная,1000.0,4,2026-10-12,отсутствует,2026-09-15,fixed
RU000A10CZC7,Аэрфью2Р06,A,RUB,1100.0,100.17,588.0,19.31,18.22,0.95,0.3,18.25,,2027-10-04,2025-10-06,Отсутствует,Аэрофьюэлз,Транспорт,Отличная,1000.0,12,2026-10-05,отсутствует,2026-09-15,fixed
RU000A10E4Y1,Аэрфью3Р01,A,RUB,3000.0,102.27,529.0,19.83,19.56,1.55,0.11,20.0,,2028-07-21,2026-01-23,Отсутствует,Аэрофьюэлз,Транспорт,Отличная,1000.0,4,2026-10-23,отсутствует,2026-09-15,fixed
RU000A106B51,БДеньг-2P2,BB,RUB,120.0,99.61,730.0,20.26,16.06,0.15,-0.19,16.0,,2026-11-11,2023-05-31,Отсутствует,МФК Быстроденьги,МФО,Хорошая,400.0,12,2026-10-12,есть,2026-09-15,fixed
RU000A1070G0,БДеньг-2P3,BB,RUB,333.0,98.47,917.0,21.96,15.23,0.31,-0.41,15.0,,2027-03-24,2023-10-11,Отсутствует,МФК Быстроденьги,МФО,Хорошая,1000.0,12,2026-09-25,есть,2026-09-15,fixed
RU000A107GU4,БДеньг-2P4,BB,RUB,367.0,101.55,908.0,22.16,22.16,0.68,-0.55,22.5,,2027-06-08,2023-12-26,Отсутствует,МФК Быстроденьги,МФО,Отличная,1000.0,12,2026-10-11,отсутствует,2026-09-15,fixed
RU000A107PW1,БДеньг-2P5,BB,RUB,300.0,101.08,916.0,22.11,21.76,0.58,-0.12,22.0,,2027-07-14,2024-01-31,Отсутствует,МФК Быстроденьги,МФО,Хорошая,1000.0,12,2026-09-17,есть,2026-09-15,fixed
RU000A1099P0,БДеньг-2P7,BB,RUB,125.0,100.15,697.0,20.58,18.97,1.07,0.11,19.0,,2028-02-03,2024-08-22,Отсутствует,МФК Быстроденьги,МФО,Отличная,1000.0,12,2026-10-11,есть,2026-09-15,fixed
RU000A10B2M3,БДеньг-2P8,BB,RUB,250.0,100.8,989.0,23.22,21.83,0.86,-0.2,22.0,2027-08-30,2029-02-20,2025-03-13,Пут,МФК Быстроденьги,Банки,Отличная,1000.0,12,2026-10-04,отсутствует,2026-09-15,fixed
RU000A10C3B3,БДеньг-3P1,BB,RUB,400.0,106.05,740.0,20.56,25.46,0.73,0.09,27.0,2027-07-07,2029-06-26,2025-07-17,Колл,МФК Быстроденьги,МФО,Погранично хорошая,1000.0,12,2026-10-10,есть,2026-09-15,fixed
RU000A10F4Z7,БДеньг-3P2,BB,RUB,300.0,102.45,835.0,22.49,21.72,1.37,0.23,22.25,2028-04-27,2030-04-17,2026-05-08,Колл,МФК Быстроденьги,МФО,Погранично хорошая,1000.0,12,2026-10-05,есть,2026-09-15,fixed
RU000A10FMR6,БДеньг-3P3,BB,RUB,500.0,100.2,858.0,23.35,21.21,2.39,-0.1,21.25,2028-06-29,2030-06-19,2026-07-10,Колл,МФК Быстроденьги,МФО,Отличная,1000.0,12,2026-10-08,есть,2026-09-15,fixed
RU000A1097X8,БИАНКА-01,BB,RUB,200.0,89.79,3068.0,43.9,25.62,0.78,0.14,23.0,,2027-07-29,2024-08-13,Отсутствует,Бианка Премиум,Розница,Средняя,1000.0,12,2026-10-02,отсутствует,2026-09-15,fixed
RU000A10B5A1,БИАНКА-02,BB,RUB,180.0,94.5,2498.0,38.83,30.16,1.22,-0.28,28.5,2027-06-13,2028-03-09,2025-03-25,Колл,Бианка Премиум,Розница,Средняя,1000.0,12,2026-09-16,отсутствует,2026-09-15,fixed
RU000A108WJ2,БИЗНЕС01,,RUB,300.0,7.8,,,294.87,0.48,0.2,23.0,,2027-12-30,2024-07-04,Отсутствует,Бизнес Лэнд,Недвижимость,Плохая,1000.0,4,2026-10-01,отсутствует,2026-09-15,fixed
RU000A1076A0,БЭЛТИ БОП6,BB-,RUB,166.0,89.51,1432.0,27.85,15.64,1.01,0.0,14.0,,2028-10-12,2023-11-08,Отсутствует,Бэлти-гранд,Лизинг,Средняя,900.0,12,2026-09-23,есть,2026-09-15,fixed
RU000A10AQD8,БЭЛТИ БОП7,BB-,RUB,57.0,100.7,1363.0,26.6,24.83,0.59,-0.49,25.0,,2028-01-12,2025-01-27,Отсутствует,Бэлти-гранд,Лизинг,Плохая,567.1,12,2026-09-19,есть,2026-09-15,fixed
RU000A10CTJ5,БЭЛТИ БОП8,BB-,RUB,250.0,99.81,1232.0,26.97,24.05,1.7,-0.19,24.0,,2029-09-04,2025-09-25,Отсутствует,Бэлти-гранд,Лизинг,Хорошая,1000.0,12,2026-09-20,есть,2026-09-15,fixed
RU000A10E4U9,БЭЛТИ БОП9,BB-,RUB,103.0,99.28,632.0,21.13,19.14,2.23,-0.07,19.0,,2030-01-01,2026-01-22,Отсутствует,Бэлти-гранд,Лизинг,Плохая,1000.0,12,2026-09-19,есть,2026-09-15,fixed
RU000A1094U1,Байсэл 1Р1,BB,RUB,200.0,94.55,1288.0,25.87,15.07,0.61,0.15,14.25,,2027-07-29,2024-08-01,Отсутствует,Байсэлл,Сельское хозяйство,Отличная,1000.0,4,2026-10-29,есть,2026-09-15,fixed
RU000A109SM2,Байсэл 1Р2,BB,RUB,31.0,95.48,945.0,22.67,15.71,0.78,2.16,15.0,,2027-10-12,2024-10-15,Отсутствует,Байсэлл,Сельское хозяйство,Плохая,1000.0,4,2026-10-13,есть,2026-09-15,fixed
RU000A10CRP6,Байсэл 1Р3,BB,RUB,67.0,100.06,313.0,18.36,22.99,0.02,0.01,23.0,2026-09-22,2029-06-19,2025-09-23,Колл,Байсэлл,Сельское хозяйство,Отличная,1000.0,12,2026-09-22,есть,2026-09-15,fixed
RU000A10DEE6,Байсэл 1Р4,BB,RUB,100.0,100.48,1338.0,26.1,25.13,0.39,0.5,25.25,2027-02-12,2029-08-10,2025-11-14,Пут,Байсэлл,Сельское хозяйство,Отличная,1000.0,4,2026-11-13,есть,2026-09-15,fixed
RU000A106EM8,БалтЛизБП8,AA-,RUB,10000.0,92.35,2362.0,36.6,19.49,0.59,-0.51,18.0,2027-05-03,2033-05-31,2023-06-23,Пут,Балтийский Лизинг,Лизинг,Отличная,1000.0,12,2026-10-05,отсутствует,2026-09-15,fixed
RU000A10ATW2,БалтЛизП15,AA-,RUB,4500.0,95.9,2103.0,34.14,24.71,0.69,-0.34,23.7,,2028-02-13,2025-02-28,Отсутствует,Балтийский Лизинг,Лизинг,Отличная,750.0,12,2026-09-21,есть,2026-09-15,fixed
RU000A10BJX9,БалтЛизП16,AA-,RUB,3510.0,93.48,2216.0,35.4,23.8,0.79,-0.5,22.25,,2028-05-14,2025-05-30,Отсутствует,Балтийский Лизинг,Лизинг,Отличная,780.0,12,2026-09-22,есть,2026-09-15,fixed
RU000A10BZJ4,БалтЛизП18,AA-,RUB,5025.0,87.0,2274.0,36.44,21.84,1.12,-1.1,19.0,,2028-07-05,2025-07-21,Отсутствует,Балтийский Лизинг,Лизинг,Отличная,670.0,12,2026-10-14,есть,2026-09-15,fixed
RU000A10CC32,БалтЛизП19,AA-,RUB,6700.0,83.39,2277.0,36.65,20.39,1.24,-1.78,17.0,,2028-08-27,2025-09-12,Отсутствует,Балтийский Лизинг,Лизинг,Отличная,670.0,12,2026-10-07,есть,2026-09-15,fixed
RU000A10D616,БалтЛизП20,AA-,RUB,1500.0,90.37,1997.0,33.41,20.75,0.95,-0.33,18.75,,2028-11-12,2025-11-28,Отсутствует,Балтийский Лизинг,Лизинг,Отличная,1000.0,12,2026-09-24,есть,2026-09-15,fixed
RU000A10DUQ6,БалтЛизП22,AA-,RUB,3500.0,89.46,1864.0,32.63,22.36,1.3,-0.69,20.0,,2028-09-12,2026-03-27,Отсутствует,Балтийский Лизинг,Лизинг,Отличная,1000.0,12,2026-09-23,есть,2026-09-15,fixed
RU000A10EEE4,БалтЛизП24,AA-,RUB,2200.0,85.55,1945.0,33.59,21.04,1.36,-0.74,18.0,,2029-05-25,2026-06-10,Отсутствует,Балтийский Лизинг,Лизинг,Хорошая,1000.0,12,2026-10-08,есть,2026-09-15,fixed
RU000A10FJ57,БалтЛизП26,AA-,RUB,1200.0,83.42,2020.0,34.68,21.88,1.52,-1.77,18.25,,2029-07-29,2026-08-14,Отсутствует,Балтийский Лизинг,Лизинг,Хорошая,1000.0,12,2026-10-13,есть,2026-09-15,fixed
RU000A10B2U6,Баррель01,,RUB,150.0,86.0,7128.0,84.05,31.4,0.43,-3.03,27.0,2027-03-04,2028-02-27,2025-03-14,Пут,Баррель,Розница,Средняя,1000.0,12,2026-10-05,отсутствует,2026-09-15,fixed
RU000A10AC91,Башкорт24,AA+,RUB,1875.0,107.89,120.0,14.39,22.01,0.76,-0.01,23.75,,2027-12-14,2024-12-17,Отсутствует,Башкирия,Субфедеральный долг,Отличная,750.0,12,2026-10-08,есть,2026-09-15,fixed
RU000A10BV22,Башкорт25,AA+,RUB,7000.0,101.13,218.0,15.07,16.07,0.53,-0.07,16.25,,2027-06-22,2025-06-24,Отсутствует,Башкирия,Субфедеральный долг,Отличная,1000.0,12,2026-09-17,есть,2026-09-15,fixed
RU000A10CSP4,Башкрт125,AA+,RUB,5000.0,101.0,29.0,13.7,13.86,0.91,0.05,14.0,,2027-09-20,2025-09-22,Отсутствует,Башкирия,Субфедеральный долг,Плохая,1000.0,12,2026-09-25,есть,2026-09-15,fixed
RU000A1043Z7,БинФарм1P1,A-,RUB,3000.0,99.69,365.0,16.63,15.05,0.18,0.04,15.0,2026-11-18,2036-11-05,2021-11-24,Пут,Биннофарм Групп,Промышленность,Хорошая,1000.0,4,2026-11-18,отсутствует,2026-09-15,fixed
RU000A104Z71,БинФарм1P2,A-,RUB,3000.0,99.78,433.0,17.36,15.03,0.08,-0.05,15.0,2026-10-15,2037-07-02,2022-07-21,Пут,Биннофарм Групп,Промышленность,Хорошая,1000.0,4,2026-10-15,отсутствует,2026-09-15,fixed
RU000A10AS28,БинФарм1P4,A-,RUB,4000.0,101.34,560.0,19.42,18.75,1.19,0.18,19.0,,2028-01-22,2025-02-06,Отсутствует,Биннофарм Групп,Промышленность,Отличная,1000.0,12,2026-09-29,отсутствует,2026-09-15,fixed
RU000A10B3Q2,БинФарм1P5,A-,RUB,6000.0,100.56,625.0,20.23,18.89,1.29,-0.15,19.0,,2028-03-05,2025-03-21,Отсутствует,Биннофарм Групп,Промышленность,Отличная,1000.0,12,2026-10-12,отсутствует,2026-09-15,fixed
RU000A10BZT3,БинФарм1P6,A-,RUB,2000.0,100.89,476.0,17.58,19.33,0.28,0.19,19.5,2026-12-30,2028-06-22,2025-07-08,Пут,Биннофарм Групп,Промышленность,Отличная,1000.0,12,2026-10-01,отсутствует,2026-09-15,fixed
RU000A10B7N0,БиоВит 1Р1,BB+,RUB,100.0,100.09,853.0,23.48,27.97,0.02,0.04,28.0,2026-09-24,2026-09-24,2025-04-02,Колл,БиоВитрум,Промышленность,Средняя,1000.0,12,2026-09-24,отсутствует,2026-09-15,fixed
RU000A10EQV2,БиоВит 1Р2,BB+,RUB,250.0,103.1,839.0,21.79,22.55,0.91,0.35,23.25,2027-09-24,2029-03-17,2026-04-02,Колл,БиоВитрум,Промышленность,Отличная,1000.0,12,2026-09-29,отсутствует,2026-09-15,fixed
RU000A10DJ18,БорецК1Р03,A-,RUB,1000.0,102.1,358.0,17.86,17.63,1.43,-0.1,18.0,,2028-05-12,2025-11-24,Отсутствует,Борец,Промышленность,Отличная,1000.0,12,2026-09-20,отсутствует,2026-09-15,fixed
RU000A10EK71,БорецК1Р05,A-,RUB,2500.0,103.86,315.0,17.9,17.81,2.0,-0.11,18.5,,2029-02-28,2026-03-16,Отсутствует,Борец,Промышленность,Отличная,1000.0,12,2026-10-12,отсутствует,2026-09-15,fixed
RU000A10FC96,БорецК1Р07,A-,RUB,4200.0,100.97,394.0,18.74,17.58,2.15,-0.02,17.75,,2029-05-23,2026-06-08,Отсутствует,Борец,Промышленность,Отличная,1000.0,12,2026-10-06,отсутствует,2026-09-15,fixed
RU000A105GN3,БорецКЗО26,A-,USD,72.0,99.41,20455.0,213.3,6.04,0.0,-0.17,6.0,,2026-09-17,2022-11-21,Отсутствует,Борец,Промышленность,Не определена,1000.0,2,2026-09-17,отсутствует,2026-09-15,fixed
RU000A107UU5,Брус 2P02,A-,RUB,5625.0,100.46,817.0,21.01,20.9,0.26,-0.08,21.0,,2027-03-28,2024-03-07,Отсутствует,Брусника,Недвижимость,Отличная,750.0,12,2026-09-23,есть,2026-09-15,fixed
RU000A10B313,Брус 2P05,A-,RUB,3000.0,100.06,1007.0,24.0,21.74,1.26,0.04,21.75,,2028-03-03,2025-03-19,Отсутствует,Брусника,Недвижимость,Отличная,1000.0,12,2026-10-10,отсутствует,2026-09-15,fixed
RU000A10C8F3,Брус 2Р04,A-,RUB,7500.0,99.93,931.0,23.81,21.52,1.53,0.1,21.5,,2028-07-23,2025-08-08,Отсутствует,Брусника,Недвижимость,Отличная,1000.0,12,2026-10-02,отсутствует,2026-09-15,fixed
RU000A10EC63,Брус 2Р06,A-,RUB,1500.0,100.99,1043.0,24.28,22.53,1.21,-0.23,22.75,2028-02-16,2029-02-10,2026-02-26,Пут,Брусника,Недвижимость,Отличная,1000.0,12,2026-09-24,отсутствует,2026-09-15,fixed
RU000A10F6Y5,Брус 2Р08,A-,RUB,3250.0,99.77,884.0,23.59,21.3,2.01,0.03,21.25,,2029-05-06,2026-05-22,Отсутствует,Брусника,Недвижимость,Отличная,1000.0,12,2026-09-19,отсутствует,2026-09-15,fixed
RU000A10FWA1,Брус 2Р09,A-,RUB,3000.0,99.99,927.0,24.06,21.75,2.13,-0.11,21.75,,2029-08-03,2026-08-19,Отсутствует,Брусника,Недвижимость,Отличная,1000.0,12,2026-09-18,отсутствует,2026-09-15,fixed
RU000A10D1U6,Бустер Б01,,RUB,300.0,102.71,1001.0,23.25,23.85,0.79,0.0,24.5,2027-09-29,2028-09-23,2025-10-09,Колл,Бустер.ру,МФО,Хорошая,1000.0,12,2026-10-04,есть,2026-09-15,fixed
RU000A10DRE8,Бустер Б02,,RUB,200.0,102.79,1003.0,23.45,23.59,0.93,0.27,24.25,2027-11-30,2028-11-24,2025-12-10,Колл,Бустер.ру,МФО,Погранично хорошая,1000.0,12,2026-10-06,есть,2026-09-15,fixed
RU000A10ERS6,Бустер Б03,,RUB,300.0,102.66,953.0,24.15,22.89,1.59,-0.08,23.5,2028-03-27,2029-03-22,2026-04-07,Колл,Бустер.ру,МФО,Средняя,1000.0,12,2026-10-04,есть,2026-09-15,fixed
RU000A102952,ВИС Ф БП01,AA-/A+,RUB,2500.0,94.26,338.0,16.9,10.61,1.01,-0.02,10.0,,2027-10-12,2020-10-20,Отсутствует,ВИС Финанс,Недвижимость,Отличная,1000.0,4,2026-10-13,отсутствует,2026-09-15,fixed
RU000A10B2T8,ВИС Ф БП08,AA-/A+,RUB,1500.0,104.43,222.0,15.0,22.98,0.44,-0.15,24.0,,2027-03-04,2025-03-14,Отсутствует,ВИС Финанс,Недвижимость,Отличная,1000.0,12,2026-10-05,отсутствует,2026-09-15,fixed
RU000A10C634,ВИС Ф БП09,AA-/A+,RUB,2500.0,101.43,278.0,17.33,16.76,1.55,-0.73,17.0,,2028-07-08,2025-07-24,Отсутствует,ВИС Финанс,Недвижимость,Отличная,1000.0,12,2026-09-17,отсутствует,2026-09-15,fixed
RU000A10EES4,ВИС Ф БП11,AA-/A+,RUB,2500.0,102.05,245.0,17.2,16.66,1.99,0.32,17.0,,2029-02-15,2026-03-03,Отсутствует,ВИС Финанс,Недвижимость,Отличная,1000.0,12,2026-09-29,отсутствует,2026-09-15,fixed
RU000A10EYJ1,ВИС Ф БП12,AA-/A+,RUB,2500.0,100.65,276.0,17.49,16.39,2.41,-0.25,16.5,,2029-10-09,2026-04-28,Отсутствует,ВИС Финанс,Недвижимость,Отличная,1000.0,12,2026-09-25,отсутствует,2026-09-15,fixed
RU000A10FJ16,ВИС Ф БП13,AA-/A+,RUB,1250.0,100.2,289.0,17.7,16.47,2.2,0.08,16.5,,2029-06-10,2026-06-26,Отсутствует,ВИС Финанс,Недвижимость,Отличная,1000.0,12,2026-09-24,отсутствует,2026-09-15,fixed
RU000A10FTR1,ВИС Ф БП14,AA-/A+,RUB,2000.0,100.3,318.0,17.92,16.7,1.95,-0.17,16.75,,2029-01-22,2026-08-06,Отсутствует,ВИС Финанс,Недвижимость,Отличная,1000.0,12,2026-10-05,отсутствует,2026-09-15,fixed
RU000A10FXE1,ВИС Ф БП16,AA-/A+,RUB,2000.0,102.21,301.0,17.85,17.12,2.28,0.01,17.5,,2029-08-08,2026-08-24,Отсутствует,ВИС Финанс,Недвижимость,Отличная,1000.0,12,2026-09-23,отсутствует,2026-09-15,fixed
RU000A10BW39,ВОКСИС-03,,RUB,500.0,101.77,544.0,18.3,23.58,0.25,0.0,24.0,2026-12-19,2029-06-06,2025-06-27,Колл,Воксис,Телекоммуникации,Отличная,1000.0,12,2026-09-20,есть,2026-09-15,fixed
RU000A10C8K3,ВОКСИС-04,,RUB,200.0,100.49,344.0,16.45,19.9,0.11,0.01,20.0,,2026-10-25,2025-08-01,Отсутствует,Воксис,Телекоммуникации,Отличная,1000.0,12,2026-09-25,отсутствует,2026-09-15,fixed
RU000A10DBH5,ВОСТКОЙЛ-1,,RUB,137.0,86.94,2806.0,42.59,31.06,1.55,0.95,27.0,2026-10-25,2028-10-14,2025-10-30,Колл,Восток Ойл,Нефть и Газ,Плохая,1000.0,12,2026-09-25,отсутствует,2026-09-15,fixed
RU000A10EN52,ВОСТКОЙЛ-2,,RUB,23.0,89.05,2050.0,35.18,29.2,2.52,0.0,26.0,2028-09-10,2031-02-27,2026-03-25,Колл,Восток Ойл,Нефть и Газ,Плохая,1000.0,12,2026-09-21,отсутствует,2026-09-15,fixed
RU000A104362,ВСК 1P-02R,AA (AA/AA-),RUB,7500.0,99.28,53.0,13.46,9.62,0.18,-0.05,9.55,,2026-11-17,2021-11-23,Отсутствует,Восточная Стивидорная Компания,Транспорт,Отличная,1000.0,2,2026-11-17,отсутствует,2026-09-15,fixed
RU000A105KR6,ВСК 1P-03R,AA (AA/AA-),RUB,15000.0,95.34,249.0,16.2,11.8,1.12,-0.2,11.25,,2027-11-30,2022-12-06,Отсутствует,Восточная Стивидорная Компания,Транспорт,Отличная,1000.0,2,2026-12-01,отсутствует,2026-09-15,fixed
RU000A106P06,ВСК 1P-04R,AA (AA/AA-),RUB,15000.0,93.45,219.0,16.83,12.84,1.7,-0.05,12.0,,2028-07-28,2023-08-04,Отсутствует,Восточная Стивидорная Компания,Транспорт,Отличная,1000.0,2,2027-01-29,отсутствует,2026-09-15,fixed
RU000A1082Q4,ВТБ ЗО-Т1,AAA,USD,1037.0,65.4,58821.0,596.95,14.53,0.22,0.34,9.5,2026-12-06,,2024-03-25,Колл,ВТБ,Банки,Не определена,1000.0,2,2026-12-06,отсутствует,2026-09-15,fixed
RU000A1014J2,ВТБ Т2-3,AAA,RUB,20000.0,99.5,449.0,19.22,18.31,2.69,,18.22,2026-11-24,2030-05-21,2019-12-03,Колл,ВТБ,Банки,Плохая,10000000.0,2,2026-11-24,отсутствует,2026-09-15,fixed
RU000A10CQE2,ВТБЛИЗ 1Р3,AA,RUB,2004.0,100.66,239.0,15.88,15.4,0.99,-0.04,15.5,,2028-08-27,2025-09-12,Отсутствует,ВТБ Лизинг,Лизинг,Отличная,668.0,12,2026-10-07,есть,2026-09-15,fixed
RU000A10DTG9,ВТБЛИЗ 1Р4,AA,RUB,2280.0,101.7,235.0,16.07,16.22,1.13,0.01,16.5,,2028-11-30,2025-12-16,Отсутствует,ВТБ Лизинг,Лизинг,Отличная,760.0,12,2026-10-12,есть,2026-09-15,fixed
RU000A10EML2,ВТБЛИЗ 1Р5,AA,RUB,4575.0,100.88,199.0,15.79,15.36,1.18,0.17,15.5,,2029-03-04,2026-03-20,Отсутствует,ВТБ Лизинг,Лизинг,Отличная,915.0,12,2026-09-16,есть,2026-09-15,fixed
RU000A10FGN7,ВТБЛИЗ 1Р6,AA,RUB,5000.0,99.66,206.0,15.84,14.55,1.17,-0.11,14.5,,2029-06-06,2026-06-22,Отсутствует,ВТБ Лизинг,Лизинг,Отличная,1000.0,12,2026-09-20,есть,2026-09-15,fixed
RU000A10FVD7,ВТБЛИЗ 1Р7,AA,RUB,10000.0,100.92,137.0,16.12,15.36,2.0,-0.03,15.5,,2029-01-30,2026-08-14,Отсутствует,ВТБ Лизинг,Лизинг,Отличная,1000.0,12,2026-10-13,отсутствует,2026-09-15,fixed
RU000A1032P1,ВТБРКС01,AAA,RUB,1032.0,99.65,218.0,15.23,8.03,0.06,0.0,8.0,,2026-11-01,2021-06-10,Отсутствует,СФО ВТБ РКС-1,Банки,Хорошая,29.491,12,2026-10-01,есть,2026-09-15,fixed
RU000A102QJ7,ВТБСУБТ1-1,AAA,USD,223.0,63.0,1398.0,22.66,14.11,3.75,-2.0,8.89,2031-07-28,,2021-02-08,Колл,ВТБ,Банки,Плохая,150000.0,2,2027-02-01,отсутствует,2026-09-15,fixed
RU000A102879,ВТБСУБТ2-1,AAA,RUB,70000.0,88.1,687.0,21.91,18.91,3.03,-3.4,16.66,2026-10-07,2031-04-02,2020-10-14,Колл,ВТБ,Банки,Плохая,10000000.0,2,2026-10-07,отсутствует,2026-09-15,fixed
RU000A0ZYLK7,ВЦЗ 1P1R,,RUB,7600.0,95.65,715.0,20.08,0.78,0.24,-0.23,0.75,2026-12-11,2027-12-10,2017-12-22,Пут,Верхнебаканский Цементный Завод,Промышленность,Погранично плохая,1000.0,4,2026-12-11,отсутствует,2026-09-15,fixed
RU000A101TB0,ВЭБ 1P-19,AAA,RUB,15000.0,95.03,128.0,14.41,6.93,0.72,0.1,6.59,,2027-06-10,2020-06-18,Отсутствует,ВЭБ,Банки,Отличная,1000.0,2,2026-12-10,отсутствует,2026-09-15,fixed
RU000A0JT403,ВЭБ.РФ 18,AAA,RUB,10000.0,113.09,-947.0,3.93,15.11,0.92,5.39,17.09,2027-09-24,2032-09-17,2012-10-12,Пут,ВЭБ,Банки,Плохая,1000.0,2,2026-09-25,отсутствует,2026-09-15,fixed
RU000A0JT6B2,ВЭБ.РФ 19,AAA,RUB,10000.0,100.14,-304.0,10.95,14.88,0.04,-0.11,14.9,2026-10-01,2032-09-23,2012-10-18,Пут,ВЭБ,Банки,Хорошая,1000.0,2,2026-10-01,отсутствует,2026-09-15,fixed
RU000A0JS4Z7,ВЭБ.РФ 21,AAA,RUB,15000.0,108.22,-340.0,9.97,17.7,0.9,-0.06,19.15,2027-08-24,2032-02-17,2012-03-13,Пут,ВЭБ,Банки,Плохая,1000.0,2,2027-02-23,отсутствует,2026-09-15,fixed
RU000A1013P1,ВЭБ1P-18,AAA,RUB,10000.0,98.76,147.0,14.4,7.36,0.17,-0.19,7.27,,2026-11-17,2019-11-26,Отсутствует,ВЭБ,Банки,Отличная,1000.0,2,2026-11-17,отсутствует,2026-09-15,fixed
RU000A1031U3,ВЭБ1P-26,AAA,RUB,10000.0,91.54,40.0,14.76,8.88,1.47,-0.29,8.13,,2028-04-18,2021-04-27,Отсутствует,ВЭБ,Банки,Средняя,1000.0,2,2026-10-20,отсутствует,2026-09-15,fixed
RU000A107XD5,ВЭБ2Р-44,AAA,RUB,30000.0,103.3,-116.0,12.55,14.71,1.13,0.11,15.2,,2027-12-09,2025-12-11,Отсутствует,ВЭБ,Банки,Плохая,1000.0,2,2026-12-10,отсутствует,2026-09-15,fixed
RU000A10CTX6,ВЭБ2Р-54В,AAA,USD,600.0,93.08,105.0,9.65,7.68,3.42,-0.37,7.15,,2030-08-31,2025-09-26,Отсутствует,ВЭБ,Банки,Отличная,1000.0,12,2026-09-21,отсутствует,2026-09-15,fixed
RU000A10FAP5,ВЭБ2Р-59ПО,AAA,RUB,3530.0,100.36,56.0,15.16,14.56,1.58,0.16,14.61,2027-12-16,2028-06-17,2026-06-09,Колл,ВЭБ,Банки,Средняя,1000.0,4,2026-12-13,отсутствует,2026-09-15,fixed
RU000A106Y88,ВЭББНКР 04,BB,RUB,175.0,98.6,951.0,22.4,15.21,0.26,0.0,15.0,,2027-03-09,2023-09-26,Отсутствует,МФК Вэббанкир,МФО,Хорошая,500.2,12,2026-10-10,есть,2026-09-15,fixed
RU000A107U65,ВЭББНКР 05,BB,RUB,138.0,98.0,978.0,22.57,16.33,0.45,0.0,16.0,,2027-08-05,2024-02-22,Отсутствует,МФК Вэббанкир,МФО,Хорошая,916.7,12,2026-10-09,есть,2026-09-15,fixed
RU000A1082K7,ВЭББНКР 06,BB,RUB,350.0,99.95,936.0,22.1,20.01,0.35,-0.05,20.0,2027-03-06,2027-09-02,2024-03-21,Пут,МФК Вэббанкир,МФО,Отличная,1000.0,12,2026-10-07,есть,2026-09-15,fixed
RU000A10D4E4,Векус01,B+,RUB,300.0,99.9,1796.0,30.85,27.03,0.53,0.02,27.0,2027-04-10,2028-10-01,2025-10-17,Пут,Векус,IT,Хорошая,1000.0,12,2026-10-12,отсутствует,2026-09-15,fixed
RU000A10ED62,Вернём1Р1,B,RUB,150.0,101.14,1450.0,29.16,26.2,1.78,0.0,26.5,2027-08-20,2029-02-10,2026-02-26,Колл,Вернем,МФО,Отличная,1000.0,12,2026-09-24,отсутствует,2026-09-15,fixed
RU000A10ESN5,Вернём1Р2,B,RUB,150.0,100.34,1377.0,28.47,25.41,1.88,0.01,25.5,2027-10-02,2029-03-25,2026-04-10,Колл,Вернем,МФО,Отличная,1000.0,12,2026-10-07,отсутствует,2026-09-15,fixed
RU000A10FM03,Вернём1Р3,B,RUB,230.0,99.89,1402.0,28.77,25.53,2.0,-0.01,25.5,2027-12-31,2029-06-23,2026-07-09,Колл,Вернем,МФО,Отличная,1000.0,12,2026-10-07,отсутствует,2026-09-15,fixed
RU000A0ZYMM1,ВертолетБ4,,RUB,5000.0,161.48,-3956.0,-25.63,5.45,1.24,48.41,8.8,,2027-12-16,2017-12-28,Отсутствует,Вертолеты России,Промышленность,Очень плохая,1000.0,2,2026-12-17,отсутствует,2026-09-15,fixed
RU000A10A505,Виллин1P1,B-,RUB,51.0,82.0,6364.0,76.66,34.15,0.63,7.09,28.0,,2027-11-22,2024-11-25,Отсутствует,Виллина,Промышленность,Плохая,850.0,4,2026-11-23,есть,2026-09-15,fixed
RU000A109VK0,ВсИнстр1Р3,A,RUB,500.0,104.81,99.0,13.9,20.85,0.54,-0.16,21.85,,2027-04-13,2024-10-25,Отсутствует,Всеинструменты.ру,Розница,Отличная,1000.0,12,2026-10-15,отсутствует,2026-09-15,fixed
RU000A105XE7,ВымпелК1Р2,AA,RUB,14673.0,90.41,112.0,15.8,10.29,1.79,0.13,9.3,,2028-09-14,2023-03-10,Отсутствует,ВымпелКом,Телекоммуникации,Хорошая,1000.0,4,2026-09-17,отсутствует,2026-09-15,fixed
RU000A105YK2,ВымпелК1Р3,AA,RUB,9180.0,97.33,-35.0,12.61,7.5,0.58,0.03,7.3,,2027-04-18,2023-03-17,Отсутствует,ВымпелКом,Телекоммуникации,Плохая,1000.0,4,2026-10-18,отсутствует,2026-09-15,fixed
RU000A105WK6,ВымпелК1Р4,AA,RUB,5980.0,93.56,-25.0,14.11,9.46,1.47,0.92,8.85,,2028-04-16,2023-03-02,Отсутствует,ВымпелКом,Телекоммуникации,Плохая,1000.0,4,2026-10-18,отсутствует,2026-09-15,fixed
RU000A105W81,ВымпелК1Р5,AA,RUB,7211.0,98.6,73.0,13.47,9.48,0.41,-0.01,9.35,,2027-02-15,2023-02-27,Отсутствует,ВымпелКом,Телекоммуникации,Хорошая,1000.0,4,2026-11-16,отсутствует,2026-09-15,fixed
RU000A105TY3,ВымпелК1Р6,AA,RUB,21795.0,94.83,145.0,15.48,11.13,1.32,0.03,10.55,,2028-02-14,2023-02-10,Отсутствует,ВымпелКом,Телекоммуникации,Отличная,1000.0,4,2026-11-16,отсутствует,2026-09-15,fixed
RU000A105WP5,ВымпелК1Р7,AA,RUB,13913.0,89.98,93.0,15.72,10.95,2.14,0.01,9.85,,2029-02-12,2023-03-03,Отсутствует,ВымпелКом,Телекоммуникации,Отличная,1000.0,4,2026-11-16,отсутствует,2026-09-15,fixed
RU000A105X80,ВымпелК1Р8,AA,RUB,9390.0,86.28,73.0,15.56,9.3,2.22,-0.01,8.02,,2029-03-09,2023-03-09,Отсутствует,ВымпелКом,Телекоммуникации,Хорошая,1000.0,4,2026-10-15,отсутствует,2026-09-15,fixed
RU000A106TR5,ВымпелК3Р3,AA,RUB,9134.0,93.9,-135.0,13.45,10.49,2.15,-4.58,9.85,,2029-02-12,2023-09-01,Отсутствует,ВымпелКом,Телекоммуникации,Очень плохая,1000.0,4,2026-11-16,отсутствует,2026-09-15,fixed
RU000A106TV7,ВымпелК3Р4,AA,RUB,4320.0,90.28,-157.0,13.26,8.88,2.23,-5.6,8.02,,2029-03-09,2023-09-01,Отсутствует,ВымпелКом,Телекоммуникации,Очень плохая,1000.0,4,2026-10-15,отсутствует,2026-09-15,fixed
RU000A1089G0,ГИДРОМАШ02,A+/A,RUB,3000.0,98.78,632.0,19.19,15.44,0.51,-0.42,15.25,2027-03-28,2034-03-21,2024-04-12,Пут,Гидромашсервис,Промышленность,Отличная,1000.0,12,2026-09-29,отсутствует,2026-09-15,fixed
RU000A10C5T0,ГИДРОМАШ04,A+/A,RUB,1000.0,101.48,295.0,16.16,16.75,0.77,0.18,17.0,2027-07-13,2035-07-01,2025-07-23,Пут,Гидромашсервис,Промышленность,Отличная,1000.0,12,2026-09-16,отсутствует,2026-09-15,fixed
RU000A1026H0,ГИДРОМАШБ3,A+/A (A-),RUB,1525.0,100.03,-109.0,13.74,16.0,0.02,0.03,16.0,2026-09-25,2026-09-25,2020-10-02,Пут,Гидромашсервис,Промышленность,Хорошая,1000.0,2,2026-09-25,отсутствует,2026-09-15,fixed
RU000A10E291,ГКАзот1P01,AA-/A+,RUB,1000.0,102.94,216.0,15.87,16.9,1.13,0.1,17.4,2027-12-19,2030-12-03,2025-12-29,Пут,Азот,Удобрения,Отличная,1000.0,12,2026-09-25,отсутствует,2026-09-15,fixed
RU000A10EA40,ГКАзот1Р02,AA-/A+,RUB,17000.0,101.69,235.0,16.25,16.23,1.25,-0.01,16.5,2028-02-10,2031-01-25,2026-02-20,Пут,Азот,Удобрения,Отличная,1000.0,12,2026-09-18,отсутствует,2026-09-15,fixed
RU000A10CSR0,ГЛАВСНАБ01,,RUB,200.0,1.98,,,1186.87,0.09,0.0,23.5,2026-09-17,2028-09-06,2025-09-22,Колл,ГлавСнаб,Розница,Погранично плохая,1000.0,12,2026-09-17,отсутствует,2026-09-15,fixed
RU000A10DTU0,ГЛАВСНАБ02,,RUB,107.0,1.96,,,1354.59,0.15,0.01,26.55,2027-06-10,2029-11-26,2025-12-17,Колл,ГлавСнаб,Розница,Погранично плохая,1000.0,12,2026-10-13,отсутствует,2026-09-15,fixed
RU000A10ATR2,ГЛОРАКС1Р3,BBB+,RUB,1400.0,104.06,498.0,17.73,26.91,0.35,0.09,28.0,,2027-01-27,2025-02-06,Отсутствует,GloraX,Недвижимость,Отличная,1000.0,12,2026-09-29,отсутствует,2026-09-15,fixed
RU000A10B9Q9,ГЛОРАКС1Р4,BBB+,RUB,2200.0,109.76,574.0,19.69,23.23,1.28,-0.4,25.5,,2028-03-24,2025-04-09,Отсутствует,GloraX,Недвижимость,Отличная,1000.0,12,2026-10-01,отсутствует,2026-09-15,fixed
RU000A10E655,ГЛОРАКС1Р5,BBB+,RUB,5000.0,102.68,626.0,21.06,19.96,2.15,0.02,20.5,,2029-07-11,2026-01-28,Отсутствует,GloraX,Недвижимость,Отличная,1000.0,12,2026-09-25,отсутствует,2026-09-15,fixed
RU000A10FXM4,ГМС002Р-03,A+/A,RUB,4500.0,100.46,343.0,18.06,16.92,1.63,0.02,17.0,,2028-08-14,2026-08-25,Отсутствует,Гидромашсервис,Промышленность,Отличная,1000.0,12,2026-09-24,отсутствует,2026-09-15,fixed
RU000A103K38,ГПБ Т2-04Д,AAA/AA+ (AA-/A+),USD,260.0,85.0,194.0,11.14,5.29,4.65,-2.01,4.5,2027-05-21,2032-05-14,2021-11-26,Колл,Газпромбанк,Банки,Плохая,150000.0,2,2026-11-20,отсутствует,2026-09-15,fixed
RU000A10DBA0,ГПБ-СПК А2,AAA,RUB,1256.0,100.33,416.0,17.25,16.45,0.68,-0.05,16.5,,2028-07-26,2025-12-05,Отсутствует,СФО ГПБ-СПК,Банки,Отличная,628.01,12,2026-09-26,есть,2026-09-15,fixed
RU000A101Z74,ГПБ001P17P,AAA/AA+,RUB,10630.0,96.11,111.0,15.76,13.27,1.7,0.03,12.75,2028-07-31,2030-07-31,2020-07-31,Пут,Газпромбанк,Банки,Отличная,1000.0,2,2027-01-31,отсутствует,2026-09-15,fixed
RU000A102DB2,ГПБ001P18P,AAA/AA+,RUB,20000.0,100.5,49.0,15.34,14.93,2.83,0.3,15.0,2030-05-20,2030-11-20,2020-11-20,Пут,Газпромбанк,Банки,Отличная,1000.0,2,2026-11-20,отсутствует,2026-09-15,fixed
RU000A102GJ8,ГПБ001P19P,AAA/AA+,RUB,15000.0,98.51,232.0,15.44,12.94,0.7,0.06,12.75,2027-06-11,2030-12-11,2020-12-11,Пут,Газпромбанк,Банки,Отличная,1000.0,2,2026-12-11,отсутствует,2026-09-15,fixed
RU000A102LU5,ГПБ001P20P,AAA/AA+,RUB,2000.0,99.15,37.0,15.14,14.37,2.32,-0.65,14.25,2029-06-28,2030-12-28,2020-12-28,Пут,Газпромбанк,Банки,Плохая,1000.0,2,2026-12-28,отсутствует,2026-09-15,fixed
RU000A104B46,ГПБ001P21P,AAA/AA+,RUB,30000.0,102.1,101.0,15.84,15.92,2.28,-0.11,16.25,2029-06-27,2031-12-27,2021-12-27,Пут,Газпромбанк,Банки,Отличная,1000.0,2,2026-12-27,отсутствует,2026-09-15,fixed
RU000A105GW4,ГПБ001P22P,AAA/AA+,RUB,20000.0,104.19,74.0,15.09,16.8,1.46,-0.18,17.5,2028-05-24,2032-11-24,2022-11-24,Пут,Газпромбанк,Банки,Отличная,1000.0,2,2026-11-24,отсутствует,2026-09-15,fixed
RU000A1064G3,ГПБ001P26P,AAA/AA+,RUB,10427.0,99.54,164.0,14.71,10.05,0.09,0.05,10.0,2026-10-18,2033-04-18,2023-04-18,Пут,Газпромбанк,Банки,Отличная,1000.0,2,2026-10-18,отсутствует,2026-09-15,fixed
RU000A106YH6,ГПБ003P01P,AAA/AA+,RUB,3402.0,98.1,366.0,16.51,12.23,0.5,-0.21,12.0,2027-03-27,2033-09-27,2023-09-27,Пут,Газпромбанк,Банки,Хорошая,1000.0,2,2026-09-27,отсутствует,2026-09-15,fixed
RU000A107UA7,ГПБ005P03P,AAA/AA+,RUB,22209.0,99.41,231.0,15.4,13.78,0.68,0.13,13.7,2027-06-01,2034-02-21,2024-03-05,Пут,Газпромбанк,Банки,Отличная,1000.0,4,2026-12-01,отсутствует,2026-09-15,fixed
RU000A10CF88,ГПБ006Р01P,AAA/AA+,RUB,3422.0,55.48,80.0,16.11,0.0,3.95,-0.02,0.0,,2030-08-26,2025-08-26,Отсутствует,Газпромбанк,Банки,Средняя,1000.0,1,2030-08-26,отсутствует,2026-09-15,fixed
RU000A10CQG7,ГПБ006Р02P,AAA/AA+,RUB,1419.0,57.0,-57.0,14.97,0.0,4.03,-0.01,0.0,,2030-09-25,2025-09-25,Отсутствует,Газпромбанк,Банки,Плохая,1000.0,1,2030-09-25,отсутствует,2026-09-15,fixed
RU000A10D491,ГПБ006Р03P,AAA/AA+,RUB,1097.0,54.34,48.0,15.94,0.0,4.12,-0.42,0.0,,2030-10-30,2025-10-30,Отсутствует,Газпромбанк,Банки,Средняя,1000.0,1,2030-10-30,отсутствует,2026-09-15,fixed
RU000A10DMP5,ГПБ006Р04P,AAA/AA+,RUB,2833.0,53.1,48.0,16.05,0.0,4.25,-0.02,0.0,,2030-12-16,2025-12-16,Отсутствует,Газпромбанк,Банки,Хорошая,1000.0,1,2030-12-16,отсутствует,2026-09-15,fixed
RU000A10EH76,ГПБ006Р05P,AAA/AA+,RUB,39985.0,52.0,-20.0,15.65,0.0,4.5,0.21,0.0,,2031-03-16,2026-03-16,Отсутствует,Газпромбанк,Банки,Отличная,1000.0,1,2031-03-16,отсутствует,2026-09-15,fixed
RU000A1087C3,ГПБ3P6CNY,AAA/AA+,CNY,37.0,98.92,4.0,7.11,5.05,0.55,-0.39,5.0,,2027-04-09,2024-04-09,Отсутствует,Газпромбанк,Банки,Плохая,100.0,2,2026-10-09,отсутствует,2026-09-15,fixed
RU000A10F8F0,ГПН005Р-09,AAA,USD,200.0,100.0,-75.0,7.76,7.5,1.57,-1.0,7.5,,2028-05-16,2026-05-27,Отсутствует,Газпром нефть,Нефть и Газ,Плохая,1000.0,12,2026-09-24,отсутствует,2026-09-15,fixed
RU000A10D3G1,ГТЕК БО-01,BBB,RUB,500.0,108.76,362.0,18.26,20.23,1.67,0.51,22.0,,2028-09-29,2025-10-15,Отсутствует,Гельтек-Медика,Розница,Хорошая,1000.0,12,2026-10-10,отсутствует,2026-09-15,fixed
RU000A0JX199,ГТЛК 1P-02,AA-,RUB,3828.0,135.35,-1712.0,-2.25,6.65,2.86,-0.1,9.0,,2031-11-24,2016-12-12,Отсутствует,ГТЛК,Лизинг,Очень плохая,492.0,4,2026-11-30,есть,2026-09-15,fixed
RU000A0JXPG2,ГТЛК 1P-04,AA-,RUB,10000.0,100.34,251.0,16.69,15.95,1.38,-0.08,16.0,2028-04-11,2032-04-06,2017-04-25,Пут,ГТЛК,Лизинг,Отличная,1000.0,4,2026-10-13,отсутствует,2026-09-15,fixed
RU000A0ZYNY4,ГТЛК 1P-07,AA-,RUB,10000.0,98.26,594.0,18.75,11.91,0.3,-0.22,11.7,2027-01-08,2032-12-31,2018-01-19,Пут,ГТЛК,Лизинг,Отличная,1000.0,4,2026-10-09,отсутствует,2026-09-15,fixed
RU000A0ZYR91,ГТЛК 1P-08,AA-,RUB,10000.0,95.07,553.0,18.8,11.91,0.82,-0.3,11.32,2027-07-27,2033-01-18,2018-02-06,Пут,ГТЛК,Лизинг,Хорошая,1000.0,4,2026-10-27,отсутствует,2026-09-15,fixed
RU000A0ZZ984,ГТЛК 1P-10,AA-,RUB,10000.0,70.7,495.0,19.68,0.14,1.94,-0.38,0.1,2028-08-25,2033-05-20,2018-06-08,Пут,ГТЛК,Лизинг,Плохая,1000.0,4,2026-11-27,отсутствует,2026-09-15,fixed
RU000A0ZZV11,ГТЛК 1P-12,AA-,RUB,5000.0,99.0,232.0,15.32,9.19,0.16,0.13,9.1,2026-11-13,2033-11-04,2018-11-23,Пут,ГТЛК,Лизинг,Хорошая,1000.0,4,2026-11-13,отсутствует,2026-09-15,fixed
RU000A1003A4,ГТЛК 1P-13,AA-,RUB,10000.0,97.28,570.0,18.44,9.84,0.36,-0.23,9.57,2027-01-29,2034-01-20,2019-02-08,Пут,ГТЛК,Лизинг,Отличная,1000.0,4,2026-10-30,отсутствует,2026-09-15,fixed
RU000A100FE5,ГТЛК 1P-14,AA-,RUB,10000.0,100.94,407.0,17.45,17.34,0.9,0.54,17.5,2027-09-02,2034-05-25,2019-06-13,Пут,ГТЛК,Лизинг,Отличная,1000.0,4,2026-12-03,отсутствует,2026-09-15,fixed
RU000A101GD3,ГТЛК 1P-16,AA-,RUB,2500.0,92.38,385.0,17.18,7.52,0.87,-0.19,6.95,,2028-02-17,2020-02-27,Отсутствует,ГТЛК,Лизинг,Отличная,250.0,4,2026-11-19,есть,2026-09-15,fixed
RU000A101QL5,ГТЛК 1P-17,AA-,RUB,10000.0,100.0,234.0,16.98,16.0,1.68,-0.03,16.0,2028-08-21,2035-05-14,2020-06-01,Пут,ГТЛК,Лизинг,Отличная,1000.0,4,2026-11-23,отсутствует,2026-09-15,fixed
RU000A101SC0,ГТЛК 1P-18,AA-,RUB,5000.0,95.02,318.0,16.28,8.25,0.69,0.31,7.84,2027-06-02,2035-05-23,2020-06-10,Пут,ГТЛК,Лизинг,Хорошая,1000.0,4,2026-12-02,отсутствует,2026-09-15,fixed
RU000A101SD8,ГТЛК 1P-19,AA-,RUB,5000.0,86.59,373.0,18.34,9.2,1.6,-0.07,7.97,2028-05-31,2035-05-23,2020-06-10,Пут,ГТЛК,Лизинг,Средняя,1000.0,4,2026-12-02,отсутствует,2026-09-15,fixed
RU000A10EAM5,ГТЛК 1P-22,AA-,USD,100.0,96.3,320.0,11.62,9.87,2.45,-0.38,9.5,,2029-08-30,2026-02-17,Отсутствует,ГТЛК,Лизинг,Отличная,100.0,12,2026-10-15,есть,2026-09-15,fixed
RU000A105KB0,ГТЛК 2P-02,AA-,RUB,5000.0,98.89,424.0,17.14,11.83,0.21,0.0,11.7,2026-12-01,2037-11-17,2022-12-06,Пут,ГТЛК,Лизинг,Отличная,1000.0,4,2026-12-01,отсутствует,2026-09-15,fixed
RU000A10A3Z4,ГТЛК 2P-04,AA-,RUB,10000.0,109.99,298.0,16.5,22.73,1.01,-0.14,25.0,2027-11-05,2029-10-25,2024-11-20,Пут,ГТЛК,Лизинг,Отличная,1000.0,12,2026-10-11,отсутствует,2026-09-15,fixed
RU000A10BQB0,ГТЛК 2P-08,AA-,RUB,15000.0,106.78,166.0,15.95,18.26,1.43,-0.01,19.5,,2028-05-18,2025-06-03,Отсутствует,ГТЛК,Лизинг,Отличная,1000.0,12,2026-09-26,отсутствует,2026-09-15,fixed
RU000A10F801,ГТЛК 2P-13,AA-,RUB,35000.0,97.5,366.0,18.37,16.36,2.45,0.0,15.95,,2030-05-05,2026-05-26,Отсутствует,ГТЛК,Лизинг,Отличная,1000.0,12,2026-09-23,есть,2026-09-15,fixed
RU000A107B43,ГТЛК ЗО27Д,AA-,USD,347.0,96.65,323.0,11.97,4.81,0.48,-0.1,4.65,,2027-03-10,2023-12-01,Отсутствует,ГТЛК,Лизинг,Не определена,1000.0,2,2027-03-10,отсутствует,2026-09-15,fixed
RU000A107CX7,ГТЛК ЗО28Д,AA-,USD,167.0,89.17,519.0,13.72,5.38,1.41,-0.19,4.8,,2028-02-26,2023-12-12,Отсутствует,ГТЛК,Лизинг,Не определена,1000.0,2,2027-02-26,отсутствует,2026-09-15,fixed
RU000A107D58,ГТЛК ЗО29Д,AA-,USD,141.0,82.75,475.0,13.18,5.26,2.33,-0.36,4.35,,2029-02-27,2023-12-13,Отсутствует,ГТЛК,Лизинг,Не определена,1000.0,2,2027-02-27,отсутствует,2026-09-15,fixed
RU000A105QW3,ГазКБЗО26Д,AAA,USD,1069.0,74.05,875.0,17.39,10.93,3.59,-0.34,8.09,2031-01-26,,2023-01-11,Колл,Газпром,Нефть и Газ,Не определена,1000.0,2,2027-01-26,отсутствует,2026-09-15,fixed
RU000A1056U0,ГазКЗ-27Д,AAA,USD,402.0,98.22,-3.0,8.71,5.04,0.51,0.0,4.95,,2027-03-23,2022-09-20,Отсутствует,Газпром,Нефть и Газ,Не определена,1000.0,2,2026-09-23,отсутствует,2026-09-15,fixed
RU000A105JH9,ГазКЗ-27Д2,AAA,USD,629.0,95.76,24.0,8.88,3.13,0.78,-0.14,3.0,,2027-06-29,2022-11-30,Отсутствует,Газпром,Нефть и Газ,Не определена,1000.0,2,2026-12-29,отсутствует,2026-09-15,fixed
RU000A105RZ4,ГазКЗ-27Е,AAA,EUR,473.0,96.82,50.0,9.24,1.55,0.43,0.02,1.5,,2027-02-17,2023-01-25,Отсутствует,Газпром,Нефть и Газ,Не определена,1000.0,1,2027-02-17,отсутствует,2026-09-15,fixed
RU000A105XA5,ГазКЗ-27Ф,AAA,CHF,173.0,93.32,,10.51,1.65,0.81,1.36,1.54,,2027-06-30,2023-03-09,Отсутствует,Газпром,Нефть и Газ,Не определена,5000.0,1,2027-06-30,отсутствует,2026-09-15,fixed
RU000A105R62,ГазКЗ-28Д,AAA,USD,410.0,93.97,138.0,9.92,5.27,1.35,-0.12,4.95,,2028-02-06,2023-01-13,Отсутствует,Газпром,Нефть и Газ,Не определена,1000.0,2,2027-02-06,отсутствует,2026-09-15,fixed
RU000A105BY1,ГазКЗ-28Е,AAA,EUR,343.0,85.3,121.0,9.67,2.17,2.11,-0.2,1.85,,2028-11-17,2022-11-01,Отсутствует,Газпром,Нефть и Газ,Не определена,1000.0,1,2026-11-17,отсутствует,2026-09-15,fixed
RU000A105KU0,ГазКЗ-29Д,AAA,USD,1172.0,85.84,160.0,10.04,3.44,2.29,-0.41,2.95,,2029-01-27,2022-12-06,Отсутствует,Газпром,Нефть и Газ,Не определена,1000.0,2,2027-01-27,отсутствует,2026-09-15,fixed
RU000A105SG2,ГазКЗ-30Д,AAA,USD,1464.0,80.79,168.0,10.23,4.02,3.26,-0.48,3.25,,2030-02-25,2023-01-30,Отсутствует,Газпром,Нефть и Газ,Не определена,1000.0,2,2027-02-25,отсутствует,2026-09-15,fixed
RU000A105JT4,ГазКЗ-31Д,AAA,USD,479.0,76.08,123.0,10.08,4.6,4.39,-0.19,3.5,,2031-07-14,2022-12-02,Отсутствует,Газпром,Нефть и Газ,Не определена,1000.0,2,2027-01-14,отсутствует,2026-09-15,fixed
RU000A105A95,ГазКЗ-34Д,AAA,USD,749.0,94.99,63.0,9.79,9.07,5.49,-0.32,8.62,,2034-04-28,2022-10-11,Отсутствует,Газпром,Нефть и Газ,Не определена,1000.0,2,2026-10-28,отсутствует,2026-09-15,fixed
RU000A105RH2,ГазКЗ-37Д,AAA,USD,903.0,84.73,35.0,9.8,8.6,7.35,-0.42,7.29,,2037-08-16,2023-01-18,Отсутствует,Газпром,Нефть и Газ,Не определена,1000.0,2,2027-02-16,отсутствует,2026-09-15,fixed
RU000A105QX1,ГазКЗ-Б26Е,AAA,EUR,716.0,64.3,1118.0,19.81,10.72,3.56,0.17,6.89,2031-01-26,,2023-01-11,Колл,Газпром,Нефть и Газ,Не определена,1000.0,1,2027-01-26,отсутствует,2026-09-15,fixed
RU000A10BBW8,ГазКап1P12,AAA,EUR,350.0,97.3,147.0,9.99,7.97,1.52,0.13,7.75,,2028-04-29,2025-04-15,Отсутствует,Газпром,Нефть и Газ,Хорошая,1000.0,12,2026-10-07,отсутствует,2026-09-15,fixed
RU000A10BFM0,ГазКап3P13,AAA,USD,350.0,98.0,84.0,9.35,7.81,1.53,-0.14,7.65,,2028-05-02,2025-04-18,Отсутствует,Газпром,Нефть и Газ,Отличная,1000.0,12,2026-10-10,отсутствует,2026-09-15,fixed
RU000A10BPP2,ГазКап3P14,AAA,USD,650.0,94.5,162.0,10.05,7.67,2.39,-0.38,7.25,,2029-05-08,2025-05-29,Отсутствует,Газпром,Нефть и Газ,Отличная,1000.0,12,2026-09-21,отсутствует,2026-09-15,fixed
RU000A10E9Y0,ГазКап3P18,AAA,USD,250.0,93.21,112.0,9.79,8.05,3.75,-0.43,7.5,,2031-02-17,2026-02-13,Отсутствует,Газпром,Нефть и Газ,Отличная,1000.0,12,2026-10-11,отсутствует,2026-09-15,fixed
RU000A10CP52,ГазКап3P19,AAA,CNY,5000.0,99.34,29.0,7.36,6.44,0.93,-0.33,6.4,,2027-08-30,2025-09-09,Отсутствует,Газпром,Нефть и Газ,Отличная,1000.0,12,2026-10-04,отсутствует,2026-09-15,fixed
RU000A10DT08,ГазКап3P20,AAA,CNY,3000.0,97.67,173.0,8.79,7.58,2.24,-0.15,7.4,,2029-02-27,2025-12-15,Отсутствует,Газпром,Нефть и Газ,Отличная,1000.0,12,2026-10-11,отсутствует,2026-09-15,fixed
RU000A10F728,ГазКап3P22,AAA,CNY,3000.0,97.9,148.0,8.87,8.02,3.14,0.3,7.85,,2030-04-29,2026-05-20,Отсутствует,Газпром,Нефть и Газ,Отличная,1000.0,12,2026-09-17,отсутствует,2026-09-15,fixed
RU000A108PZ2,Газпн3P12R,AAA,CNY,2000.0,99.99,72.0,7.79,7.75,0.24,0.12,7.75,,2026-12-14,2024-06-17,Отсутствует,Газпром нефть,Нефть и Газ,Отличная,1000.0,4,2026-12-14,отсутствует,2026-09-15,fixed
RU000A10BK17,Газпн3P15R,AAA,RUB,120000.0,63.99,98.0,16.21,3.13,3.4,-0.01,2.0,,2030-04-11,2025-05-07,Отсутствует,Газпром нефть,Нефть и Газ,Отличная,1000.0,12,2026-09-29,отсутствует,2026-09-15,fixed
RU000A1017J5,Газпнф3P2R,AAA,RUB,20000.0,82.18,-1.0,14.89,8.7,2.87,-0.01,7.15,,2029-12-07,2019-12-20,Отсутствует,Газпром нефть,Нефть и Газ,Отличная,1000.0,4,2026-12-11,отсутствует,2026-09-15,fixed
RU000A10D483,Газпнф5P1R,AAA,USD,210.0,96.07,121.0,9.65,7.81,2.31,-0.08,7.5,,2029-03-29,2025-10-16,Отсутствует,Газпром нефть,Нефть и Газ,Отличная,1000.0,12,2026-10-11,отсутствует,2026-09-15,fixed
RU000A1039A8,ГазпромК 2,AAA (AA+),RUB,60000.0,90.46,577.0,20.8,18.15,3.03,0.24,16.42,2030-12-13,,2021-06-25,Колл,Газпром,Нефть и Газ,Хорошая,1000000.0,2,2026-12-18,отсутствует,2026-09-15,fixed
RU000A103QN7,ГазпромК 3,AAA (AA+),RUB,60000.0,90.0,596.0,20.97,18.34,3.01,-0.77,16.51,2031-03-18,,2021-09-28,Колл,Газпром,Нефть и Газ,Плохая,5000000.0,2,2026-09-22,отсутствует,2026-09-15,fixed
RU000A101QN1,ГазпромКP4,AAA,RUB,15000.0,94.87,135.0,14.43,6.22,0.67,0.07,5.9,,2027-05-25,2020-06-02,Отсутствует,Газпром,Нефть и Газ,Отличная,1000.0,2,2026-11-24,отсутствует,2026-09-15,fixed
RU000A106672,ГазпромКP5,AAA,RUB,30000.0,97.29,247.0,15.42,10.07,0.58,-0.15,9.8,2027-04-22,2028-04-20,2023-04-27,Пут,Газпром,Нефть и Газ,Отличная,1000.0,4,2026-10-22,отсутствует,2026-09-15,fixed
RU000A106AT1,ГазпромКP6,AAA,RUB,45000.0,94.38,110.0,15.19,10.6,1.34,0.02,10.0,2028-02-22,2028-05-23,2023-05-30,Пут,Газпром,Нефть и Газ,Отличная,1000.0,4,2026-11-24,отсутствует,2026-09-15,fixed
RU000A10DPJ1,ГрупПроБ02,,RUB,200.0,7.97,,,313.68,0.39,0.74,25.0,2027-06-26,2028-11-17,2025-12-03,Колл,Группа Продовольствие,Сельское хозяйство,Плохая,1000.0,12,2026-09-29,отсутствует,2026-09-15,fixed
RU000A10B8X7,ДАРСДев1Р3,BBB-,RUB,1000.0,100.03,1083.0,24.93,25.99,0.04,-0.11,26.0,,2026-09-30,2025-04-08,Отсутствует,Дарс-Девелопмент,Недвижимость,Отличная,1000.0,12,2026-09-30,отсутствует,2026-09-15,fixed
RU000A10B4L1,ДЕВАР 1Р1,,RUB,150.0,100.98,1820.0,31.0,29.21,0.45,-2.53,29.5,2027-03-11,2028-03-05,2025-03-21,Колл,Девар Петро,Нефть и Газ,Средняя,1000.0,12,2026-10-12,отсутствует,2026-09-15,fixed
RU000A0ZZ1N0,ДОМ 1P-3R,AAA,RUB,15000.0,103.48,-11689.0,-102.14,13.92,0.03,0.01,14.4,2026-09-25,2028-03-24,2018-04-06,Пут,ДОМ.РФ,Банки,Плохая,1000.0,2,2026-09-25,отсутствует,2026-09-15,fixed
RU000A0ZZ7C0,ДОМ 1P-4R,AAA,RUB,25000.0,99.75,170.0,14.57,14.04,0.23,-0.11,14.0,2026-12-09,2028-05-10,2018-05-23,Пут,ДОМ.РФ,Банки,Средняя,1000.0,2,2026-12-09,отсутствует,2026-09-15,fixed
RU000A1004W6,ДОМ 1P-5R,AAA,RUB,10000.0,100.25,44.0,13.2,13.92,0.43,0.51,13.95,2027-02-19,2029-02-16,2019-03-01,Пут,ДОМ.РФ,Банки,Плохая,1000.0,2,2027-02-19,отсутствует,2026-09-15,fixed
RU000A100ET6,ДОМ 1P-6R,AAA,RUB,25000.0,99.99,66.0,13.57,14.1,0.19,-0.28,14.1,2026-11-26,2039-05-12,2019-06-06,Пут,ДОМ.РФ,Банки,Хорошая,1000.0,2,2026-11-26,отсутствует,2026-09-15,fixed
RU000A0JX2R1,ДОМ.РФ Б-5,AAA,RUB,5000.0,100.05,87.0,13.75,13.99,0.24,0.0,14.0,2026-12-11,2049-12-22,2016-12-23,Пут,ДОМ.РФ,Банки,Отличная,1000.0,4,2026-12-11,отсутствует,2026-09-15,fixed
RU000A0ZYF20,ДОМ.РФ Б-6,AAA,RUB,5000.0,100.1,9.0,13.14,14.24,0.12,-1.18,14.25,2026-10-28,2050-11-07,2017-11-08,Пут,ДОМ.РФ,Банки,Плохая,1000.0,4,2026-10-28,отсутствует,2026-09-15,fixed
RU000A0ZYF38,ДОМ.РФ Б-7,AAA,RUB,5000.0,103.9,-3159.0,-18.56,13.72,0.12,2.9,14.25,2026-10-28,2050-11-07,2017-11-08,Пут,ДОМ.РФ,Банки,Плохая,1000.0,4,2026-10-28,отсутствует,2026-09-15,fixed
RU000A0ZYFM5,ДОМ.РФ Б-8,AAA,RUB,5000.0,100.15,-9.0,12.95,14.28,0.13,-0.21,14.3,2026-11-03,2050-11-13,2017-11-14,Пут,ДОМ.РФ,Банки,Плохая,1000.0,4,2026-11-03,отсутствует,2026-09-15,fixed
RU000A0ZYFN3,ДОМ.РФ Б10,AAA,RUB,10000.0,117.52,-10041.0,-87.52,12.17,0.15,-6.18,14.3,2026-11-03,2050-11-13,2017-11-14,Пут,ДОМ.РФ,Банки,Очень плохая,1000.0,4,2026-11-03,отсутствует,2026-09-15,fixed
RU000A0ZYLU6,ДОМ.РФ1P1R,AAA,RUB,15000.0,104.95,-1886.0,-6.0,13.34,0.24,1.06,14.0,2026-12-14,2027-12-13,2017-12-25,Пут,ДОМ.РФ,Банки,Средняя,1000.0,4,2026-12-14,отсутствует,2026-09-15,fixed
RU000A0ZYQU5,ДОМ.РФ1P2R,AAA,RUB,15000.0,100.5,-37.0,12.62,14.23,0.36,-3.4,14.3,2027-01-22,2028-01-21,2018-02-02,Пут,ДОМ.РФ,Банки,Плохая,1000.0,2,2027-01-22,отсутствует,2026-09-15,fixed
RU000A0JUKX4,ДОМ.РФ30об,AAA,RUB,6000.0,104.22,-410.0,9.36,13.05,0.93,-3.8,13.6,2027-09-01,2033-03-01,2014-04-28,Пут,ДОМ.РФ,Банки,Очень плохая,1000.0,4,2026-12-01,есть,2026-09-15,fixed
RU000A0JV4R9,ДОМ.РФ31об,AAA,RUB,7000.0,99.7,215.0,14.87,14.34,0.38,-0.3,14.3,2027-02-01,2034-02-01,2015-01-13,Пут,ДОМ.РФ,Банки,Плохая,1000.0,2,2027-02-01,отсутствует,2026-09-15,fixed
RU000A108Y11,ДФФ ЗО28,BBB+,USD,355.0,80.66,1490.0,23.44,6.63,1.35,-0.86,5.35,,2028-02-08,2024-07-08,Отсутствует,Домодедово Фьюэл Фасилитис,Транспорт,Не определена,1000.0,2,2027-02-08,отсутствует,2026-09-15,fixed
RU000A10DLP7,ДФЮгр34002,AAA,RUB,10000.0,100.47,141.0,15.17,14.73,1.16,0.04,14.8,,2028-11-26,2025-11-27,Отсутствует,ХМАО,Субфедеральный долг,Хорошая,1000.0,4,2026-11-29,есть,2026-09-15,fixed
RU000A10B0J3,ДелЛиз1Р2,AA-,RUB,3240.0,105.3,427.0,17.33,22.79,0.66,0.13,24.0,,2028-02-19,2025-03-06,Отсутствует,ДельтаЛизинг,Лизинг,Отличная,720.0,12,2026-09-27,есть,2026-09-15,fixed
RU000A10DHT7,ДелЛиз1Р3,AA-,RUB,5500.0,100.74,417.0,17.72,17.02,1.03,-0.06,17.15,,2028-11-03,2025-11-19,Отсутствует,ДельтаЛизинг,Лизинг,Отличная,1000.0,12,2026-10-15,есть,2026-09-15,fixed
RU000A10FZ16,ДелПорт1P5,AA/AA-,RUB,5500.0,100.39,340.0,18.25,16.98,2.29,-0.26,17.05,,2029-08-12,2026-08-28,Отсутствует,ДелоПортс,Транспорт,Отличная,1000.0,12,2026-09-27,отсутствует,2026-09-15,fixed
RU000A10C5B8,Денум 1Р1,,RUB,100.0,101.7,1103.0,23.82,26.55,0.32,0.09,27.0,2027-01-13,2028-07-06,2025-07-22,Колл,Денум Солюшнз,IT,Погранично хорошая,1000.0,12,2026-10-15,отсутствует,2026-09-15,fixed
RU000A10CH37,Денум 1Р2,,RUB,200.0,100.6,1245.0,26.95,24.35,1.53,0.01,24.5,2027-02-12,2028-08-05,2025-08-21,Колл,Денум Солюшнз,МФО,Хорошая,1000.0,12,2026-10-15,отсутствует,2026-09-15,fixed
RU000A0JWB59,Держава 03,BBB,RUB,500.0,101.0,-70.0,15.35,14.85,5.36,-14.0,15.0,,2036-02-29,2016-03-25,Отсутствует,Держава,Банки,Очень плохая,1000.0,2,2027-03-12,отсутствует,2026-09-15,fixed
RU000A107G63,ДжетЛ БО-1,,RUB,80.0,100.01,1016.0,23.07,21.0,0.22,-0.44,21.0,,2026-12-06,2023-12-22,Отсутствует,ДжетЛенд Холдинг,МФО,Хорошая,1000.0,12,2026-10-07,отсутствует,2026-09-15,fixed
RU000A10B1Q6,Джи-гр 2P6,BBB+,RUB,1500.0,102.55,777.0,20.53,24.13,0.43,-0.22,24.75,,2027-02-28,2025-03-10,Отсутствует,Джи-Групп,Недвижимость,Отличная,1000.0,12,2026-10-01,отсутствует,2026-09-15,fixed
RU000A106Z38,Джи-гр 2Р3,BBB+,RUB,300.0,99.89,372.0,17.92,15.42,0.04,-0.08,15.4,,2026-09-29,2023-10-03,Отсутствует,Джи-Групп,Недвижимость,Отличная,150.0,4,2026-09-29,есть,2026-09-15,fixed
RU000A107EW5,Джой 1P1,BB,RUB,250.0,99.48,839.0,21.3,17.09,0.21,0.22,17.0,,2026-12-04,2023-12-20,Отсутствует,Джой Мани,МФО,Отличная,1000.0,12,2026-10-05,отсутствует,2026-09-15,fixed
RU000A10DDG3,Динтег01,B-,RUB,250.0,99.85,1862.0,32.09,28.04,0.97,-0.02,28.0,2027-11-01,2028-10-26,2025-11-11,Пут,Динтег,IT,Хорошая,1000.0,12,2026-10-07,отсутствует,2026-09-15,fixed
RU000A103S30,ДрктЛиз1Р7,BB,RUB,120.0,99.85,379.0,18.85,11.52,0.02,-0.05,11.5,,2026-09-23,2021-09-29,Отсутствует,Директ Лизинг,Лизинг,Средняя,400.0,4,2026-09-23,есть,2026-09-15,fixed
RU000A106GY8,ДрктЛиз2Р1,BB,RUB,50.0,95.98,1434.0,27.06,14.59,0.39,0.23,14.0,,2027-07-01,2023-07-06,Отсутствует,Директ Лизинг,Лизинг,Средняя,250.0,4,2026-10-01,есть,2026-09-15,fixed
RU000A10BUN7,ДрктЛиз2Р5,BB,RUB,153.0,100.0,1651.0,30.61,27.0,1.35,-0.06,27.0,2027-02-14,2030-05-29,2025-06-24,Колл,Директ Лизинг,Лизинг,Отличная,766.2,12,2026-09-17,есть,2026-09-15,fixed
RU000A10EPT8,ДрктЛиз2Р6,BB,RUB,183.0,96.66,1560.0,30.18,25.35,1.56,0.36,24.5,,2031-03-01,2026-03-27,Отсутствует,Директ Лизинг,Лизинг,Хорошая,916.5,12,2026-09-23,есть,2026-09-15,fixed
RU000A104TQ2,ЕАБР 1P-08,AAA,RUB,7000.0,95.0,2481.0,37.77,12.11,0.19,,11.5,2026-11-25,2028-11-27,2022-06-01,Пут,Евразийский банк развития,"Банки, Наднациональная компания",Очень плохая,1000.0,4,2026-11-25,отсутствует,2026-09-15,fixed
RU000A0ZZDB0,ЕАБР 1Р-01,AAA,RUB,10000.0,92.48,-118.0,13.24,8.87,1.75,,8.2,,2028-07-11,2018-07-24,Отсутствует,Евразийский банк развития,"Банки, Наднациональная компания",Плохая,1000.0,2,2027-01-12,отсутствует,2026-09-15,fixed
RU000A1057B8,ЕАБР П3-03,AAA,USD,700.0,95.26,-288.0,5.56,3.94,2.86,-4.42,3.75,,2029-09-14,2022-09-19,Отсутствует,Евразийский банк развития,"Банки, Наднациональная компания",Плохая,1000.0,2,2027-03-15,отсутствует,2026-09-15,fixed
RU000A105EV1,ЕАБР П3-04,AAA,CNY,1900.0,96.52,64.0,7.73,4.66,1.16,,4.5,,2027-11-07,2022-11-11,Отсутствует,Евразийский банк развития,"Банки, Наднациональная компания",Плохая,1000.0,2,2026-11-06,отсутствует,2026-09-15,fixed
RU000A1099W6,ЕДА-01,,RUB,200.0,99.97,1175.0,25.06,23.01,0.85,0.07,23.0,,2027-08-20,2024-08-23,Отсутствует,Простая еда,Розница,Хорошая,1000.0,4,2026-11-20,отсутствует,2026-09-15,fixed
RU000A108FX8,ЕСЭГ1PC5,AA-,CNY,1100.0,99.63,324.0,10.22,8.13,0.17,0.51,8.1,,2026-11-17,2024-05-21,Отсутствует,ЕвроСибЭнерго,Инфраструктура,Отличная,1000.0,4,2026-11-17,отсутствует,2026-09-15,fixed
RU000A10C0X3,ЕСЭГ1PC7,AA-,CNY,1950.0,99.55,215.0,9.22,8.29,0.76,0.25,8.25,,2027-06-29,2025-07-09,Отсутствует,ЕвроСибЭнерго,Инфраструктура,Отличная,1000.0,12,2026-10-02,отсутствует,2026-09-15,fixed
RU000A10B3Z3,ЕврХол3P03,AA-,USD,450.0,99.2,309.0,11.84,9.58,0.46,-0.1,9.5,,2027-03-08,2025-03-18,Отсутствует,Евраз,Металлургия,Отличная,100.0,12,2026-10-09,отсутствует,2026-09-15,fixed
RU000A10CKZ0,ЕврХол3P04,AA-,RUB,60000.0,97.53,313.0,17.07,14.25,1.27,-0.16,13.9,,2028-02-13,2025-08-27,Отсутствует,Евраз,Металлургия,Отличная,1000.0,12,2026-09-21,отсутствует,2026-09-15,fixed
RU000A10D806,ЕврХол3P05,AA-,USD,225.0,97.45,152.0,10.0,8.47,1.96,-0.13,8.25,,2028-11-07,2025-10-24,Отсутствует,Евраз,Металлургия,Отличная,100.0,12,2026-09-19,отсутствует,2026-09-15,fixed
RU000A1061K1,ЕвроТранс3,,RUB,3750.0,11.42,,,119.09,0.27,0.3,13.6,,2027-03-14,2023-04-04,Отсутствует,ЕвроТранс,Розница,Хорошая,750.0,12,2026-10-15,есть,2026-09-15,fixed
RU000A10A133,ЕвроТранс4,,RUB,57.0,6.74,53554.0,548.57,207.72,0.62,-0.36,14.0,,2029-10-16,2024-11-11,Отсутствует,ЕвроТранс,Розница,Плохая,1000.0,12,2026-10-02,отсутствует,2026-09-15,fixed
RU000A10A141,ЕвроТранс5,,RUB,2000.0,6.45,,,387.6,0.31,0.46,25.0,,2029-10-16,2024-11-11,Отсутствует,ЕвроТранс,Розница,Хорошая,1000.0,12,2026-10-02,отсутствует,2026-09-15,fixed
RU000A10ATS0,ЕвроТранс6,,RUB,1930.0,6.53,,,382.85,0.3,0.66,25.0,,2030-01-12,2025-02-07,Отсутствует,ЕвроТранс,Розница,Средняя,1000.0,12,2026-09-30,отсутствует,2026-09-15,fixed
RU000A10BB75,ЕвроТранс7,,RUB,4300.0,7.11,,,344.59,0.35,0.1,24.5,,2027-03-31,2025-04-10,Отсутствует,ЕвроТранс,Розница,Хорошая,1000.0,12,2026-10-02,отсутствует,2026-09-15,fixed
RU000A10CZB9,ЕвроТранс8,,RUB,4500.0,5.72,,,367.13,0.34,0.12,21.0,,2030-09-07,2025-10-03,Отсутствует,ЕвроТранс,Розница,Отличная,1000.0,12,2026-09-28,есть,2026-09-15,fixed
RU000A10E4X3,ЕвроТранс9,,RUB,2500.0,5.94,,,336.7,0.34,0.47,20.0,,2030-12-27,2026-01-22,Отсутствует,ЕвроТранс,Розница,Хорошая,1000.0,12,2026-09-19,есть,2026-09-15,fixed
RU000A100W60,ЕвропланБ3,AA,RUB,5000.0,108.33,-957.0,3.25,18.0,0.48,-1.07,19.5,2027-03-25,2029-09-20,2019-10-03,Пут,Европлан,Лизинг,Плохая,1000.0,2,2026-09-24,отсутствует,2026-09-15,fixed
RU000A100DG5,ЕвропланБ6,AA,RUB,3000.0,106.04,-2445.0,-11.51,21.22,0.17,-0.52,22.5,2026-11-17,2029-05-15,2019-05-28,Пут,Европлан,Лизинг,Плохая,1000.0,2,2026-11-17,отсутствует,2026-09-15,fixed
RU000A0JWVL2,ЕвропланБ7,AA,RUB,5000.0,101.0,-2143.0,-7.23,19.9,0.04,0.01,20.1,,2026-09-29,2016-10-11,Отсутствует,Европлан,Лизинг,Плохая,1000.0,2,2026-09-29,отсутствует,2026-09-15,fixed
RU000A10ASC6,Европлн1Р9,AA,RUB,12800.0,107.78,285.0,16.16,22.27,0.85,0.1,24.0,,2028-07-14,2025-01-31,Отсутствует,Европлан,Лизинг,Отличная,800.0,12,2026-09-23,есть,2026-09-15,fixed
RU000A10G080,ЗО-001P-01,B,RUB,203.0,99.99,1394.0,28.71,25.5,2.07,0.01,25.5,2028-02-26,2029-08-19,2026-09-04,Колл,Защита онлайн,МФО,Отличная,1000.0,12,2026-10-04,отсутствует,2026-09-15,fixed
RU000A10DRX8,ЗООПТБ01,BB,RUB,200.0,105.85,336.0,16.43,22.67,0.66,0.14,24.0,2027-06-04,2028-11-25,2025-12-11,Колл,ЗООПТ,Розница,Хорошая,1000.0,12,2026-10-07,отсутствует,2026-09-15,fixed
RU000A10DRV2,ЗОнлайнБ01,B,RUB,200.0,100.39,1604.0,28.82,26.4,0.44,-0.41,26.5,2027-03-05,2028-11-24,2025-12-10,Пут,Защита онлайн,МФО,Погранично хорошая,1000.0,12,2026-10-06,отсутствует,2026-09-15,fixed
RU000A10E9M5,ЗОнлайнБ02,B,RUB,200.0,100.9,1443.0,27.41,25.77,0.6,-0.2,26.0,2027-05-08,2029-01-27,2026-02-12,Пут,Защита онлайн,МФО,Средняя,1000.0,12,2026-10-10,отсутствует,2026-09-15,fixed
RU000A0JS4J1,ЗСД 03,AA (AA+),RUB,5000.0,100.81,-570.0,9.88,9.76,4.33,-0.5,9.84,,2032-02-06,2012-03-02,Отсутствует,ЗСД,Инфраструктура,Очень плохая,1000.0,2,2027-02-12,отсутствует,2026-09-15,fixed
RU000A0JS4K9,ЗСД 04,AA (AA+),RUB,5000.0,96.95,-475.0,10.87,10.15,4.26,-7.47,9.84,,2032-02-06,2012-03-02,Отсутствует,ЗСД,Инфраструктура,Очень плохая,1000.0,2,2027-02-12,отсутствует,2026-09-15,fixed
RU000A10AT27,ИКС5Ф3P10,AAA,RUB,10000.0,102.85,109.0,13.82,19.4,0.41,0.0,19.95,2027-02-18,2035-02-06,2025-02-28,Пут,Икс 5,Розница,Отличная,1000.0,12,2026-09-21,отсутствует,2026-09-15,fixed
RU000A10AT35,ИКС5Ф3P11,AAA,RUB,15000.0,101.64,186.0,14.68,16.97,0.47,-0.64,17.25,2027-03-14,2035-03-02,2025-03-24,Пут,Икс 5,Розница,Отличная,1000.0,12,2026-10-15,отсутствует,2026-09-15,fixed
RU000A10BUK3,ИКС5Фи3P12,AAA,RUB,15000.0,101.99,99.0,14.91,15.25,1.26,0.08,15.55,2028-02-11,2035-06-04,2025-06-26,Пут,Икс 5,Розница,Отличная,1000.0,12,2026-09-19,отсутствует,2026-09-15,fixed
RU000A10C5Y0,ИКС5Фи3P13,AAA,RUB,11000.0,100.44,110.0,14.51,14.04,0.93,-0.02,14.1,2027-09-16,2035-07-06,2025-07-28,Пут,Икс 5,Розница,Отличная,1000.0,12,2026-09-21,отсутствует,2026-09-15,fixed
RU000A10DYP0,ИКС5Фи3P15,AAA,RUB,20000.0,100.19,207.0,15.2,14.47,0.71,-0.05,14.5,2027-06-18,2035-12-03,2025-12-25,Пут,Икс 5,Розница,Отличная,1000.0,12,2026-09-21,отсутствует,2026-09-15,fixed
RU000A10E6V2,ИКС5Фи3P17,AAA,RUB,15000.0,100.55,91.0,15.04,14.42,1.37,0.17,14.5,2028-03-24,2036-01-12,2026-02-03,Пут,Икс 5,Розница,Отличная,1000.0,12,2026-10-01,отсутствует,2026-09-15,fixed
RU000A10EL70,ИКС5Фи3P18,AAA,RUB,11000.0,98.97,49.0,15.1,13.64,1.6,-0.12,13.5,2028-07-09,2036-03-29,2026-04-21,Пут,Икс 5,Розница,Средняя,1000.0,12,2026-09-18,отсутствует,2026-09-15,fixed
RU000A109KC0,ИКС5Фин3P6,AAA,RUB,26000.0,100.0,177.0,15.39,14.4,1.07,-0.3,14.4,2027-11-16,2035-11-04,2025-11-26,Пут,Икс 5,Розница,Хорошая,1000.0,12,2026-09-22,отсутствует,2026-09-15,fixed
RU000A10AHA3,ИКС5Фин3P7,AAA,RUB,21000.0,99.64,140.0,14.61,13.3,0.78,-0.02,13.25,2027-07-14,2034-12-04,2024-12-26,Пут,Икс 5,Розница,Отличная,1000.0,12,2026-09-17,отсутствует,2026-09-15,fixed
RU000A10EG44,ИЛОН 1Р-01,BBB+,RUB,1250.0,102.57,293.0,16.88,17.26,1.28,0.27,17.7,,2028-02-24,2026-03-06,Отсутствует,DDX (ИЛОН),Розница,Отличная,1000.0,12,2026-10-02,отсутствует,2026-09-15,fixed
RU000A107BH2,ИЛСБО-1-1Р,BB-,RUB,300.0,98.9,2172.0,34.77,19.21,0.1,0.35,19.0,,2026-11-19,2023-12-05,Отсутствует,Ист Лоджистикал Системс (ИЛС),Розница,Хорошая,1000.0,12,2026-09-20,есть,2026-09-15,fixed
RU000A10EX35,ИНТРФУД-01,B,RUB,50.0,95.15,1811.0,32.8,27.33,1.83,0.83,26.0,2027-04-16,2029-04-05,2026-04-21,Колл,ИнтерФудГруп,Розница,Средняя,1000.0,12,2026-09-18,отсутствует,2026-09-15,fixed
RU000A10B4H9,ИПС БО-01,,RUB,48.0,87.3,3486.0,48.67,34.94,1.17,0.3,30.5,2026-09-18,2030-03-15,2025-03-21,Колл,Интернешнл Петролеум Сервис,Нефть и Газ,Плохая,800.0,4,2026-09-18,есть,2026-09-15,fixed
RU000A10FAL4,ИСП 1Р-01,BBB-,RUB,300.0,103.67,625.0,21.02,20.26,2.06,-0.18,21.0,,2029-05-18,2026-06-03,Отсутствует,Инновационные системы пожаробезопасности,Промышленность,Отличная,1000.0,12,2026-10-01,отсутствует,2026-09-15,fixed
RU000A10FGE6,ИЭКХолд1Р5,A-,RUB,2500.0,98.06,346.0,18.16,16.06,1.86,-0.05,15.75,,2028-12-05,2026-06-19,Отсутствует,ИЭК Холдинг,Промышленность,Отличная,1000.0,12,2026-09-17,отсутствует,2026-09-15,fixed
RU000A10FZ24,ИЭКХолд1Р6,A-,RUB,1000.0,101.32,340.0,18.03,17.27,1.63,-0.02,17.5,,2028-08-17,2026-08-28,Отсутствует,ИЭК Холдинг,Промышленность,Отличная,1000.0,12,2026-09-27,отсутствует,2026-09-15,fixed
RU000A10EYT0,Идель 1Р1,B+,RUB,250.0,34.36,10866.0,122.79,78.58,1.36,-2.14,27.0,2027-10-20,2031-04-02,2026-04-28,Колл,Идель Нефтемаш,Промышленность,Плохая,1000.0,12,2026-09-25,отсутствует,2026-09-15,fixed
RU000A107W48,Инаркт2Р1,A+,RUB,3000.0,99.88,255.0,15.32,14.27,0.44,-0.06,14.25,,2027-02-26,2024-03-01,Отсутствует,Инарктика,Сельское хозяйство,Отличная,1000.0,4,2026-11-27,отсутствует,2026-09-15,fixed
RU000A10B8R9,Инаркт2Р2,A+,RUB,2000.0,105.96,137.0,15.44,17.93,1.34,-0.12,19.0,,2028-04-03,2025-04-07,Отсутствует,Инарктика,Сельское хозяйство,Отличная,1000.0,4,2026-10-05,отсутствует,2026-09-15,fixed
RU000A10DHX9,Инаркт2Р4,A+,RUB,700.0,102.23,84.0,15.54,15.41,1.83,0.13,15.75,,2028-11-03,2025-11-19,Отсутствует,Инарктика,Сельское хозяйство,Отличная,1000.0,12,2026-10-15,отсутствует,2026-09-15,fixed
RU000A10BQV8,ИнвКЦ 1Р1,BBB+,USD,62.0,79.32,2195.0,30.46,15.13,1.56,-0.03,12.0,,2028-06-19,2025-06-05,Отсутствует,Инвест КЦ,Промышленность,Отличная,100.0,12,2026-09-28,отсутствует,2026-09-15,fixed
RU000A1077X0,ИнтЛиз1Р07,A,RUB,360.0,100.07,317.0,16.2,15.99,0.08,-0.16,16.0,,2026-10-31,2023-11-16,Отсутствует,Интерлизинг,Лизинг,Хорошая,80.0,12,2026-10-01,есть,2026-09-15,fixed
RU000A108AL4,ИнтЛиз1Р08,A,RUB,1185.0,100.19,333.0,16.19,15.72,0.3,0.0,15.75,,2027-04-03,2024-04-18,Отсутствует,Интерлизинг,Лизинг,Отличная,395.0,12,2026-10-05,есть,2026-09-15,fixed
RU000A10B4A4,ИнтЛиз1Р11,A,RUB,3650.0,108.03,437.0,18.02,22.22,1.09,-0.11,24.0,,2029-02-27,2025-03-20,Отсутствует,Интерлизинг,Лизинг,Отличная,811.0,12,2026-10-11,есть,2026-09-15,fixed
RU000A10CT09,ИнтелК Б01,BB-,RUB,450.0,102.7,1043.0,23.59,24.34,0.74,-0.06,25.0,2027-09-13,2028-09-07,2025-09-23,Колл,Интел коллект,"Банки, МФО",Хорошая,900.0,12,2026-09-18,есть,2026-09-15,fixed
RU000A10EV60,ИнтелК Б02,BB-,RUB,1000.0,101.78,1004.0,24.79,22.84,2.0,-0.21,23.25,2028-04-04,2031-03-20,2026-04-15,Колл,Интел коллект,МФО,Отличная,1000.0,12,2026-10-12,есть,2026-09-15,fixed
RU000A10BLG0,Интерск2P1,BBB-,CNY,33.0,100.05,1125.0,18.32,16.99,0.77,-0.95,17.0,,2028-04-30,2025-05-16,Отсутствует,КЛС-Трейд,Розница,Хорошая,83.32,12,2026-10-08,есть,2026-09-15,fixed
RU000A104A05,Интерскол1,BBB-,RUB,61.0,99.39,331.0,16.18,13.58,0.23,-0.07,13.5,,2026-12-10,2021-12-16,Отсутствует,КЛС-Трейд,Розница,Средняя,1000.0,4,2026-12-10,отсутствует,2026-09-15,fixed
RU000A10ENA3,Йуми Б01,B+,RUB,250.0,99.03,1613.0,29.48,25.24,0.88,-0.33,25.0,2027-09-16,2029-03-09,2026-03-25,Пут,Йуми,Потребительские товары,Хорошая,1000.0,12,2026-09-21,отсутствует,2026-09-15,fixed
RU000A10BU31,КАМАЗ БП15,A+/A,RUB,11000.0,101.87,330.0,16.4,17.67,0.69,-0.02,18.0,,2027-06-10,2025-06-20,Отсутствует,КАМАЗ,Промышленность,Отличная,1000.0,12,2026-10-13,отсутствует,2026-09-15,fixed
RU000A10CQ77,КАМАЗ БП16,A+/A,RUB,3500.0,99.6,310.0,16.48,14.96,0.9,0.0,14.9,,2027-09-02,2025-09-12,Отсутствует,КАМАЗ,Промышленность,Отличная,1000.0,12,2026-10-07,отсутствует,2026-09-15,fixed
RU000A10DP93,КАМАЗ БП18,A+/A,RUB,3650.0,100.35,380.0,17.43,16.44,1.07,0.0,16.5,,2027-11-22,2025-12-02,Отсутствует,КАМАЗ,Промышленность,Отличная,1000.0,12,2026-09-28,отсутствует,2026-09-15,fixed
RU000A10EAC6,КАМАЗ БП20,A+/A,RUB,6500.0,100.05,321.0,17.12,15.94,1.26,0.05,15.95,,2028-02-06,2026-02-16,Отсутствует,КАМАЗ,Промышленность,Отличная,1000.0,12,2026-10-14,отсутствует,2026-09-15,fixed
RU000A10EN29,КАМАЗ БП22,A+/A,RUB,1000.0,100.45,279.0,16.83,15.93,1.32,0.3,16.0,,2028-03-13,2026-03-24,Отсутствует,КАМАЗ,Промышленность,Отличная,1000.0,12,2026-09-20,отсутствует,2026-09-15,fixed
RU000A10CR92,КВАЗАРЛ-01,B,RUB,67.0,99.56,1539.0,28.72,25.11,0.87,0.01,25.0,,2028-08-31,2025-09-16,Отсутствует,Квазар Лизинг,Лизинг,Средняя,666.64,12,2026-10-11,есть,2026-09-15,fixed
RU000A10FZR8,КДСНН01,BB-,RUB,76.0,100.0,1228.0,26.82,24.0,1.55,0.0,24.0,2028-08-22,2030-08-12,2026-09-02,Колл,КапДорСтрой-НН,Недвижимость,Отличная,1000.0,12,2026-10-02,отсутствует,2026-09-15,fixed
RU000A10CM89,КИФА БО-01,BB+,CNY,50.0,85.2,3159.0,38.66,17.02,0.87,-0.28,14.5,,2027-08-23,2025-09-02,Отсутствует,Кифа,Розница,Погранично хорошая,100.0,12,2026-09-27,отсутствует,2026-09-15,fixed
RU000A10AZG2,КЛВЗ 1P02,BB-,RUB,350.0,92.8,2997.0,43.31,30.17,0.88,-0.61,28.0,,2028-02-12,2025-02-27,Отсутствует,КЛВЗ Кристалл,Потребительские товары,Средняя,1000.0,12,2026-09-20,есть,2026-09-15,fixed
RU000A10DSU2,КЛВЗ 1P04,BB-,RUB,250.0,81.96,2858.0,43.04,28.67,1.51,-0.24,23.5,,2028-12-11,2025-12-15,Отсутствует,КЛВЗ Кристалл,Потребительские товары,Средняя,1000.0,4,2026-12-14,есть,2026-09-15,fixed
RU000A10FBR9,КЛВЗ 1P05,BB-,RUB,200.0,76.0,2751.0,42.2,27.63,1.8,-3.0,21.0,,2029-06-01,2026-06-05,Отсутствует,КЛВЗ Кристалл,Потребительские товары,Средняя,1000.0,4,2026-12-04,есть,2026-09-15,fixed
RU000A107G22,КОРПСАН 01,B,RUB,147.0,72.9,28763.0,300.5,20.58,0.24,4.46,15.0,,2026-12-18,2023-12-22,Отсутствует,ЗАС Корспан,Промышленность,Плохая,1000.0,4,2026-09-18,отсутствует,2026-09-15,fixed
RU000A10EAQ6,КРОНОС01,B,RUB,200.0,45.0,24898.0,262.16,60.0,0.75,-0.36,27.0,2027-08-11,2029-02-01,2026-02-17,Пут,Кронос,Нефть и Газ,Плохая,1000.0,12,2026-10-15,отсутствует,2026-09-15,fixed
RU000A101RV2,Казахст07,BBB+,RUB,10000.0,93.15,117.0,14.66,7.03,0.98,-0.12,6.55,,2027-09-15,2020-09-23,Отсутствует,Казахстан,Cуверенный долг (другие страны),Отличная,1000.0,2,2026-09-16,отсутствует,2026-09-15,fixed
RU000A101RW0,Казахст08,BBB+,RUB,10000.0,89.55,52.0,15.15,8.59,1.64,-0.34,7.69,,2028-06-19,2021-06-28,Отсутствует,Казахстан,Cуверенный долг (другие страны),Средняя,1000.0,2,2026-12-21,отсутствует,2026-09-15,fixed
RU000A101RZ3,Казахст11,BBB+,RUB,10000.0,75.87,64.0,15.89,9.23,3.47,-0.2,7.0,,2030-09-11,2020-09-23,Отсутствует,Казахстан,Cуверенный долг (другие страны),Хорошая,1000.0,2,2026-09-16,отсутствует,2026-09-15,fixed
RU000A101S08,Казахст12,BBB+,RUB,10000.0,75.92,35.0,15.79,10.43,3.84,-0.01,7.92,,2031-06-16,2021-06-28,Отсутствует,Казахстан,Cуверенный долг (другие страны),Плохая,1000.0,2,2026-12-21,отсутствует,2026-09-15,fixed
RU000A101S16,Казахст13,BBB+,RUB,10000.0,75.6,48.0,15.91,10.48,3.83,0.14,7.92,,2031-06-16,2021-06-28,Отсутствует,Казахстан,Cуверенный долг (другие страны),Средняя,1000.0,2,2026-12-21,отсутствует,2026-09-15,fixed
RU000A102KN2,КалинОбл20,AA-,RUB,422.0,94.5,156.0,14.72,6.46,0.74,0.0,6.1,,2027-06-16,2020-12-23,Отсутствует,Калининградская область,Субфедеральный долг,Хорошая,300.0,4,2026-09-16,есть,2026-09-15,fixed
RU000A104BC0,КалинОбл21,AA-,RUB,243.0,94.47,170.0,15.38,10.06,1.11,-0.22,9.5,,2028-12-14,2021-12-23,Отсутствует,Калининградская область,Субфедеральный долг,Отличная,750.0,4,2026-09-17,есть,2026-09-15,fixed
RU000A105ND0,КалинОбл22,AA-,RUB,88.0,96.3,-100.0,13.42,10.7,1.5,0.05,10.3,,2029-12-13,2022-12-22,Отсутствует,Калининградская область,Субфедеральный долг,Погранично плохая,1000.0,4,2026-09-17,есть,2026-09-15,fixed
RU000A108Q78,Кеарли 1Р1,B+,RUB,97.0,88.15,5147.0,64.23,23.82,0.43,0.11,21.0,,2027-06-03,2024-06-18,Отсутствует,Carely Group,Розница,Средняя,750.0,12,2026-10-06,есть,2026-09-15,fixed
RU000A10F6J6,Кеарли 1Р2,B+,RUB,46.0,88.84,2256.0,37.21,28.14,1.69,-0.56,25.0,2027-11-06,2029-04-29,2026-05-15,Колл,Carely Group,Розница,Плохая,1000.0,12,2026-10-12,есть,2026-09-15,fixed
RU000A10AHD7,Кокс01Р1,BBB+,RUB,1200.0,98.11,1012.0,23.76,20.13,1.09,0.82,19.75,,2027-12-11,2024-12-26,Отсутствует,Кокс,Металлургия,Средняя,1000.0,12,2026-09-17,отсутствует,2026-09-15,fixed
RU000A10B0R6,Кокс01Р2,BBB+,RUB,1000.0,97.91,919.0,23.09,19.66,1.24,-0.19,19.25,,2028-02-19,2025-03-06,Отсутствует,Кокс,Металлургия,Хорошая,1000.0,12,2026-09-27,отсутствует,2026-09-15,fixed
RU000A10C741,Кокс01Р4,BBB+,RUB,1500.0,98.49,1607.0,28.84,21.32,0.33,0.09,21.0,2027-01-20,2028-07-13,2025-07-29,Пут,Кокс,Металлургия,Отличная,1000.0,12,2026-09-22,отсутствует,2026-09-15,fixed
RU000A10CRB6,Кокс01Р6,BBB+,RUB,800.0,97.07,1335.0,26.71,21.12,0.89,0.08,20.5,2027-09-06,2028-08-31,2025-09-16,Пут,Кокс,Металлургия,Хорошая,1000.0,12,2026-10-11,отсутствует,2026-09-15,fixed
RU000A1011B5,КраснодКр3,AA+/AA-,RUB,4000.0,98.93,89.0,13.84,7.03,0.16,-0.27,6.95,,2026-11-12,2019-11-14,Отсутствует,Краснодарский край,Субфедеральный долг,Отличная,400.0,4,2026-11-12,есть,2026-09-15,fixed
RU000A10CLZ8,Л-Старт 01,B,RUB,500.0,30.15,17175.0,185.6,99.5,1.21,-1.95,30.0,,2029-08-24,2025-08-29,Отсутствует,Л-Старт,Промышленность,Средняя,1000.0,4,2026-11-27,есть,2026-09-15,fixed
RU000A10DLY9,Л-Старт 02,B,RUB,325.0,30.36,14583.0,159.76,102.11,1.26,-1.42,31.0,,2029-11-22,2025-11-27,Отсутствует,Л-Старт,Промышленность,Средняя,1000.0,4,2026-11-26,отсутствует,2026-09-15,fixed
RU000A10ES24,Л-Старт 03,B,RUB,210.0,33.61,13111.0,145.07,84.8,1.28,0.3,28.5,,2030-09-13,2026-04-07,Отсутствует,Л-Старт,Промышленность,Плохая,1000.0,12,2026-10-04,есть,2026-09-15,fixed
RU000A10E6G3,Л-Старт1Р1,B,RUB,175.0,34.54,13384.0,147.69,89.75,1.22,-5.49,31.0,,2030-01-09,2026-01-30,Отсутствует,Л-Старт,Промышленность,Плохая,1000.0,12,2026-09-27,отсутствует,2026-09-15,fixed
RU000A10F7K2,Л-Старт2Р1,B,RUB,98.0,32.97,13212.0,146.0,86.44,1.23,3.95,28.5,2028-05-11,2030-10-28,2026-05-22,Колл,Л-Старт,Промышленность,Плохая,1000.0,12,2026-09-19,есть,2026-09-15,fixed
RU000A10EFW3,ЛАЗСИСТ-02,BBB,RUB,200.0,104.34,364.0,16.97,19.89,0.86,-0.08,20.75,2027-08-27,2029-02-17,2026-03-05,Колл,Лазерные системы,IT,Хорошая,1000.0,12,2026-10-01,отсутствует,2026-09-15,fixed
RU000A10C6Z5,ЛЕГЕНДА2P4,BBB+/BBB,RUB,2000.0,101.64,650.0,19.7,19.92,0.77,-0.13,20.25,,2027-07-18,2025-07-28,Отсутствует,Легенда,Недвижимость,Отличная,1000.0,12,2026-09-21,отсутствует,2026-09-15,fixed
RU000A10FBB3,ЛЕГЕНДА2P7,BBB+/BBB,RUB,1250.0,100.31,617.0,20.49,18.94,1.45,0.24,19.0,,2028-05-24,2026-06-04,Отсутствует,Легенда,Недвижимость,Отличная,1000.0,12,2026-10-02,отсутствует,2026-09-15,fixed
RU000A10DE54,ЛК 001Р-01,A-,USD,7.0,90.02,1244.0,20.92,15.0,1.86,0.12,13.5,,2028-11-17,2025-12-03,Отсутствует,Лид Капитал,Нефть и Газ,Средняя,100.0,12,2026-09-29,отсутствует,2026-09-15,fixed
RU000A10FT14,ЛК 001Р-02,A-,USD,12.0,94.44,867.0,17.1,14.29,2.4,2.44,13.5,,2029-08-17,2026-08-03,Отсутствует,Лид Капитал,Нефть и Газ,Средняя,100.0,12,2026-10-02,отсутствует,2026-09-15,fixed
RU000A10E7D8,ЛКПРОГР-01,B+,RUB,200.0,82.24,3080.0,45.44,32.22,1.68,-1.61,26.5,2027-01-31,2029-01-20,2026-02-05,Колл,ЛК-Прогресс,Розница,Средняя,1000.0,12,2026-10-03,отсутствует,2026-09-15,fixed
RU000A10F9N2,ЛКПРОГР-02,B+,RUB,41.0,82.69,2664.0,41.35,30.23,1.86,-0.01,25.0,2027-05-24,2029-05-13,2026-05-29,Колл,ЛК-Прогресс,Розница,Плохая,1000.0,12,2026-09-26,отсутствует,2026-09-15,fixed
RU000A10AMY3,ЛКХ-01,CC,RUB,50.0,10.9,,,284.4,0.5,-0.8,31.0,,2028-01-01,2025-01-16,Отсутствует,ЛКХ,,Плохая,1000.0,12,2026-10-08,отсутствует,2026-09-15,fixed
RU000A10AT01,ЛКХ-02,CC,RUB,50.0,9.19,,,337.32,0.4,-3.8,31.0,,2028-01-20,2025-02-04,Отсутствует,ЛКХ,,Плохая,1000.0,12,2026-09-27,отсутствует,2026-09-15,fixed
RU000A1082X0,ЛСР БО 1Р9,A,RUB,3000.0,99.99,302.0,15.81,14.75,0.46,-0.11,14.75,,2027-03-07,2024-03-22,Отсутствует,ЛСР,Недвижимость,Отличная,1000.0,12,2026-10-08,отсутствует,2026-09-15,fixed
RU000A10B0B0,ЛСР БО1Р10,A,RUB,4000.0,98.53,465.0,18.59,16.24,1.27,0.23,16.0,2028-02-18,2030-02-07,2025-03-05,Пут,ЛСР,Недвижимость,Отличная,1000.0,12,2026-09-26,отсутствует,2026-09-15,fixed
RU000A10CKY3,ЛСР БО1Р11,A,RUB,5000.0,98.42,471.0,18.67,16.26,1.28,-0.23,16.0,,2028-08-11,2025-08-27,Отсутствует,ЛСР,Недвижимость,Хорошая,1000.0,12,2026-09-21,есть,2026-09-15,fixed
RU000A10EYH5,ЛСР БО2Р01,A,RUB,10000.0,96.3,460.0,19.28,16.25,1.79,-0.4,15.65,,2029-04-12,2026-04-28,Отсутствует,ЛСР,Недвижимость,Отличная,1000.0,12,2026-09-25,есть,2026-09-15,fixed
RU000A104XE0,ЛТрейд 1P4,BB+,RUB,100.0,92.06,1767.0,30.77,16.29,0.69,0.26,15.0,,2027-06-09,2022-07-05,Отсутствует,Лизинг Трейд,Лизинг,Средняя,1000.0,12,2026-10-12,отсутствует,2026-09-15,fixed
RU000A1053H4,ЛТрейд 1P5,BB+,RUB,100.0,90.33,1860.0,31.83,16.61,0.79,0.75,15.0,,2027-07-22,2022-08-17,Отсутствует,Лизинг Трейд,Лизинг,Средняя,1000.0,12,2026-09-25,отсутствует,2026-09-15,fixed
RU000A105RF6,ЛТрейд 1P6,BB+,RUB,100.0,91.9,1965.0,32.63,15.78,0.6,-0.84,14.5,,2027-12-24,2023-01-19,Отсутствует,Лизинг Трейд,Лизинг,Средняя,667.2,12,2026-09-30,есть,2026-09-15,fixed
RU000A105WZ4,ЛТрейд 1P7,BB+,RUB,113.0,92.84,1646.0,29.48,15.62,0.63,0.24,14.5,,2028-02-09,2023-03-07,Отсутствует,Лизинг Трейд,Лизинг,Средняя,750.4,12,2026-09-17,есть,2026-09-15,fixed
RU000A106987,ЛТрейд 1P8,BB+,RUB,167.0,89.19,2117.0,34.34,16.26,0.74,-0.31,14.5,,2028-04-26,2023-05-23,Отсутствует,Лизинг Трейд,Лизинг,Средняя,833.6,12,2026-10-04,есть,2026-09-15,fixed
RU000A106GB6,ЛТрейд 1P9,BB+,RUB,275.0,89.23,1874.0,31.99,15.69,0.81,-0.22,14.0,,2028-06-07,2023-07-04,Отсутствует,Лизинг Трейд,Лизинг,Погранично хорошая,916.8,12,2026-09-16,есть,2026-09-15,fixed
RU000A107480,ЛТрейд1P10,BB+,RUB,200.0,86.64,2135.0,34.77,18.47,0.94,-0.01,16.0,,2028-09-26,2023-10-23,Отсутствует,Лизинг Трейд,Лизинг,Средняя,1000.0,12,2026-10-07,есть,2026-09-15,fixed
RU000A107NJ3,ЛТрейд1P11,BB+,RUB,200.0,85.3,1941.0,33.16,18.76,1.15,-0.12,16.0,,2028-12-30,2024-01-26,Отсутствует,Лизинг Трейд,Лизинг,Хорошая,1000.0,12,2026-10-12,есть,2026-09-15,fixed
RU000A10CU97,ЛТрейд1P12,BB+,RUB,400.0,98.5,1161.0,26.37,23.35,2.39,-0.17,23.0,2028-03-14,2030-08-31,2025-09-26,Колл,Лизинг Трейд,Лизинг,Отличная,1000.0,12,2026-09-21,есть,2026-09-15,fixed
RU000A1059N9,ЛУКОЙЛ 26,AAA,USD,316.0,100.1,-485.0,3.89,4.75,0.13,0.1,4.75,,2026-11-02,2022-10-04,Отсутствует,Лукойл,Нефть и Газ,Не определена,1000.0,2,2026-11-02,отсутствует,2026-09-15,fixed
RU000A1059P4,ЛУКОЙЛ 27,AAA,USD,257.0,97.22,-103.0,7.68,2.88,0.6,0.0,2.8,,2027-04-26,2022-10-04,Отсутствует,Лукойл,Нефть и Газ,Не определена,1000.0,2,2026-10-26,отсутствует,2026-09-15,fixed
RU000A1059Q2,ЛУКОЙЛ 30,AAA,USD,287.0,84.4,62.0,9.2,4.6,3.35,-0.15,3.88,,2030-05-06,2022-10-04,Отсутствует,Лукойл,Нефть и Газ,Не определена,1000.0,2,2026-11-06,отсутствует,2026-09-15,fixed
RU000A1059R0,ЛУКОЙЛ 31,AAA,USD,254.0,80.3,-31.0,8.6,4.48,4.58,-0.1,3.6,,2031-10-26,2022-10-04,Отсутствует,Лукойл,Нефть и Газ,Не определена,1000.0,2,2026-10-26,отсутствует,2026-09-15,fixed
RU000A107795,ЛаймЗайм04,BB+,RUB,250.0,99.51,907.0,22.09,16.08,0.12,-0.18,16.0,,2026-10-30,2023-11-15,Отсутствует,Лайм-Займ,МФО,Отличная,500.0,12,2026-09-30,есть,2026-09-15,fixed
RU000A10B8C1,ЛаймЗайм05,BB+,RUB,320.0,103.98,720.0,19.96,26.45,0.43,0.16,27.5,2027-03-25,2028-03-19,2025-04-04,Колл,Лайм-Займ,МФО,Отличная,800.0,12,2026-09-26,есть,2026-09-15,fixed
RU000A10EHB3,ЛаймЗайм06,BB+,RUB,2000.0,103.11,921.0,23.03,22.79,1.2,0.01,23.5,2028-02-29,2031-02-13,2026-03-11,Колл,Лайм-Займ,МФО,Отличная,1000.0,12,2026-10-07,есть,2026-09-15,fixed
RU000A1068S9,ЛайфСтр П2,A-,RUB,500.0,95.41,501.0,18.79,14.15,1.17,-0.61,13.5,,2028-05-11,2023-05-18,Отсутствует,ЛайфСтрим,Телекоммуникации,Средняя,1000.0,4,2026-11-12,есть,2026-09-15,fixed
RU000A0ZYHW0,ЛевенгукБ1,,RUB,100.0,84.76,2024.0,33.89,17.11,1.09,1.78,14.5,,2027-11-22,2017-12-04,Отсутствует,Левенгук,Промышленность,Плохая,1000.0,4,2026-11-23,отсутствует,2026-09-15,fixed
RU000A10E4F0,Лмбрд888Б1,,RUB,200.0,99.6,1371.0,28.37,25.1,1.74,0.02,25.0,2027-01-15,2029-01-04,2026-01-20,Колл,Ломбард 888,МФО,Погранично хорошая,1000.0,12,2026-09-17,отсутствует,2026-09-15,fixed
RU000A10FK39,Лмбрд888Б2,,RUB,75.0,97.0,1333.0,28.1,24.23,2.02,-1.0,23.5,2027-12-24,2029-06-16,2026-07-02,Колл,Ломбард 888,МФО,Плохая,1000.0,12,2026-09-30,отсутствует,2026-09-15,fixed
RU000A100VX2,МБЭС 1P-01,AAA,RUB,7000.0,100.09,143.0,14.9,14.49,0.94,-0.1,14.5,2027-09-29,2029-09-26,2019-10-09,Пут,МБЭС,"Банки, Наднациональная компания",Плохая,1000.0,2,2026-09-30,отсутствует,2026-09-15,fixed
RU000A101RJ7,МБЭС 1P-02,AAA,RUB,5000.0,100.8,247.0,16.2,16.27,1.12,0.69,16.4,2027-12-06,2030-06-03,2020-06-15,Пут,МБЭС,"Банки, Наднациональная компания",Плохая,1000.0,2,2026-12-07,отсутствует,2026-09-15,fixed
RU000A106D59,МБЭС 2P-01,AAA,RUB,1700.0,97.6,211.0,16.24,13.83,1.36,0.03,13.5,2028-03-09,2033-06-02,2023-06-15,Пут,МБЭС,"Банки, Наднациональная компания",Плохая,1000.0,4,2026-12-10,отсутствует,2026-09-15,fixed
RU000A10CC99,МБЭС 2P-04,AAA,RUB,6000.0,100.0,105.0,15.68,14.65,1.64,-0.06,14.65,2028-07-29,2035-06-23,2025-08-14,Пут,МБЭС,"Банки, Наднациональная компания",Отличная,1000.0,12,2026-10-08,отсутствует,2026-09-15,fixed
RU000A10BFP3,МВ ФИН 1Р6,BBB/BBB-,RUB,2000.0,103.86,758.0,20.47,25.03,0.53,0.5,26.0,,2027-04-11,2025-04-21,Отсутствует,М.Видео,Розница,Отличная,1000.0,12,2026-10-13,отсутствует,2026-09-15,fixed
RU000A105PJ2,МГКЛ 1P2,BB,RUB,150.0,122.0,-2238.0,-9.2,13.52,0.75,,16.5,,2027-06-22,2022-12-27,Отсутствует,МГКЛ,МФО,Очень плохая,1000.0,4,2026-09-22,отсутствует,2026-09-15,fixed
RU000A106FW4,МГКЛ 1P3,BB,RUB,250.0,78.64,4870.0,61.82,20.35,0.71,-0.61,16.0,,2027-06-25,2023-06-30,Отсутствует,МГКЛ,МФО,Средняя,1000.0,4,2026-09-25,отсутствует,2026-09-15,fixed
RU000A106MV2,МГКЛ 1P4,BB,RUB,300.0,69.5,4314.0,56.96,23.02,1.19,0.1,16.0,,2028-01-25,2023-08-01,Отсутствует,МГКЛ,МФО,Средняя,1000.0,4,2026-10-27,отсутствует,2026-09-15,fixed
RU000A107UB5,МГКЛ 1P5,BB,RUB,500.0,66.29,3573.0,50.42,30.17,1.83,1.31,20.0,,2029-02-20,2024-02-27,Отсутствует,МГКЛ,МФО,Средняя,1000.0,4,2026-11-24,отсутствует,2026-09-15,fixed
RU000A108ZU2,МГКЛ-1P6,BB,RUB,500.0,65.55,4082.0,55.52,35.09,1.86,-0.66,23.0,,2029-06-21,2024-07-17,Отсутствует,МГКЛ,"Банки, МФО",Средняя,1000.0,12,2026-10-05,отсутствует,2026-09-15,fixed
RU000A10ATC4,МГКЛ-1P7,BB,RUB,1000.0,74.44,4073.0,55.45,40.3,1.9,-4.8,30.0,,2030-01-11,2025-02-06,Отсутствует,МГКЛ,МФО,Средняя,1000.0,12,2026-09-29,отсутствует,2026-09-15,fixed
RU000A10C6U6,МГКЛ-1P8,BB,RUB,1000.0,65.56,3990.0,54.67,38.9,2.07,-1.64,25.5,,2030-07-02,2025-07-28,Отсутствует,МГКЛ,МФО,Средняя,1000.0,12,2026-09-21,отсутствует,2026-09-15,fixed
RU000A10CHX1,МГКЛ-G01,BB,GLD,66.0,78.29,,33.24,17.88,1.61,-3.48,14.0,,2028-08-06,2025-08-22,Отсутствует,МГКЛ,МФО,Очень плохая,12086.89,12,2026-09-16,отсутствует,2026-09-15,fixed
RU000A105A04,МЕТАЛИН028,AA+/AA,USD,286.0,87.71,179.0,10.26,3.85,2.01,-0.38,3.38,,2028-10-22,2022-10-05,Отсутствует,Металлоинвест,Металлургия,Не определена,1000.0,2,2026-10-22,отсутствует,2026-09-15,fixed
RU000A1057D4,МЕТАЛИН1P2,AA+/AA,CNY,1000.0,95.82,135.0,8.42,3.86,0.97,0.32,3.7,,2027-09-10,2022-09-16,Отсутствует,Металлоинвест,Металлургия,Отличная,1000.0,4,2026-12-11,отсутствует,2026-09-15,fixed
RU000A10B0C8,МЕТАЛИНP12,AA+/AA,CNY,1500.0,101.0,110.0,8.16,10.1,0.43,0.03,10.2,,2027-02-23,2025-03-05,Отсутствует,Металлоинвест,Металлургия,Отличная,1000.0,12,2026-09-26,отсутствует,2026-09-15,fixed
RU000A10CSG3,МЕТИН2P02,AA+/AA (AAA/AA),USD,100.0,87.1,220.0,10.8,7.23,3.46,0.0,6.3,,2030-08-24,2025-09-19,Отсутствует,Металлоинвест,Металлургия,Отличная,100.0,12,2026-10-14,отсутствует,2026-09-15,fixed
RU000A10C3N8,МИРРИКО1P3,BBB-,RUB,509.0,93.76,1665.0,30.85,24.0,1.39,-0.12,22.5,2027-07-08,2028-07-02,2025-07-18,Колл,Миррико,Нефть и Газ,Средняя,1000.0,12,2026-10-11,есть,2026-09-15,fixed
RU000A10CTG1,МИРРИКО1P5,BBB-,RUB,435.0,91.73,1728.0,31.86,24.53,1.57,-0.17,22.5,2027-03-19,2028-09-09,2025-09-25,Колл,Миррико,Нефть и Газ,Погранично хорошая,1000.0,12,2026-09-20,отсутствует,2026-09-15,fixed
RU000A10DTQ8,МИРРИКО1P6,BBB-,RUB,146.0,98.03,1173.0,26.4,22.95,1.75,-0.45,22.5,2027-06-10,2028-12-01,2025-12-17,Колл,Миррико,Нефть и Газ,Средняя,1000.0,12,2026-10-13,отсутствует,2026-09-15,fixed
RU000A10DCE0,МКАОВокс01,,RUB,300.0,102.04,718.0,20.66,20.58,0.98,-0.55,21.0,,2027-10-22,2025-11-01,Отсутствует,Воксис,Телекоммуникации,Хорошая,1000.0,12,2026-09-27,отсутствует,2026-09-15,fixed
RU000A10E9Z7,МКАОВокс02,,RUB,500.0,101.89,623.0,20.08,19.63,1.22,0.0,20.0,,2028-02-03,2026-02-13,Отсутствует,Воксис,Телекоммуникации,Отличная,1000.0,12,2026-10-11,отсутствует,2026-09-15,fixed
RU000A108LX6,МКБ ЗО2017,AA-/A+ (BB),USD,137.0,65.5,,,13.69,0.15,1.01,8.97,2026-11-10,,2024-06-07,Колл,Московский Кредитный Банк,Банки,Средняя,1000.0,4,2026-11-10,отсутствует,2026-09-15,fixed
RU000A108L24,МКБ ЗО2021,AA-/A+ (BB),USD,92.0,68.02,10878.0,117.51,11.2,0.54,6.18,7.62,2027-04-04,,2024-06-03,Колл,Московский Кредитный Банк,Банки,Плохая,1000.0,4,2026-10-04,отсутствует,2026-09-15,fixed
RU000A108NQ6,МКБ ЗО2027,AA-/A+ (BBB+),USD,78.0,88.07,1316.0,21.73,8.52,0.99,-0.63,7.5,,2027-10-05,2024-06-11,Отсутствует,Московский Кредитный Банк,Банки,Не определена,1000.0,2,2026-10-05,отсутствует,2026-09-15,fixed
RU000A107VV1,МКБ ЗО26-2,AA-/A+,USD,142.0,99.39,3845.0,47.19,3.9,0.01,-0.05,3.88,,2026-09-21,2024-02-29,Отсутствует,Московский Кредитный Банк,Банки,Не определена,1000.0,2,2026-09-21,отсутствует,2026-09-15,fixed
RU000A107720,МКЛизинг1,BB,RUB,39.0,100.24,323.0,16.25,17.61,0.1,0.25,17.65,,2026-11-10,2023-11-14,Отсутствует,МК Лизинг,Лизинг,Средняя,112.0,12,2026-10-03,есть,2026-09-15,fixed
RU000A108YZ4,ММЗ001P-01,,RUB,20.0,67.44,34308.0,355.92,29.66,0.27,-0.14,20.0,,2027-06-26,2024-07-11,Отсутствует,ММЗ,Сельское хозяйство,Плохая,285.0,12,2026-09-29,есть,2026-09-15,fixed
RU000A10B255,ММЗ001P-02,,RUB,71.0,46.99,21418.0,227.21,57.46,0.64,-3.01,27.0,,2029-02-19,2025-03-12,Отсутствует,ММЗ,Сельское хозяйство,Плохая,835.0,12,2026-10-03,есть,2026-09-15,fixed
RU000A10C8M9,ММЗ001P-03,,RUB,54.0,48.98,30154.0,314.44,45.94,0.53,1.0,22.5,2027-07-22,2028-07-16,2025-08-01,Пут,ММЗ,Сельское хозяйство,Плохая,980.0,12,2026-09-25,есть,2026-09-15,fixed
RU000A1001T8,ММЦБ П01-1,BBB-,RUB,30.0,102.66,-486.0,8.0,18.51,0.25,1.06,19.0,2026-12-15,2029-01-12,2019-01-25,Пут,ММЦБ,IT,Плохая,1000.0,4,2026-12-15,отсутствует,2026-09-15,fixed
RU000A105054,ММЦБ П01-2,BBB-,RUB,200.0,98.8,446.0,17.19,14.17,0.37,-0.13,14.0,,2027-01-26,2022-08-02,Отсутствует,ММЦБ,IT,Хорошая,1000.0,2,2027-01-26,отсутствует,2026-09-15,fixed
RU000A105NK5,МОЭК БО1P5,AAA,RUB,5000.0,101.32,-353.0,9.35,14.8,0.25,-2.68,15.0,2026-12-17,2028-12-14,2022-12-22,Пут,МОЭК,Инфраструктура,Плохая,1000.0,2,2026-12-17,отсутствует,2026-09-15,fixed
RU000A107C91,МСБЛиз3P02,BB+,RUB,30.0,100.02,396.0,16.98,16.0,0.1,0.0,16.0,,2026-11-22,2023-12-08,Отсутствует,МСБ-Лизинг,Лизинг,Средняя,100.09,12,2026-09-23,есть,2026-09-15,fixed
RU000A108AJ8,МСБЛиз3P03,BB+,RUB,65.0,99.39,928.0,22.1,18.11,0.29,-0.03,18.0,,2027-04-03,2024-04-18,Отсутствует,МСБ-Лизинг,Лизинг,Средняя,233.41,12,2026-10-05,есть,2026-09-15,fixed
RU000A10B735,МСБЛиз3P04,BB+,RUB,200.0,99.7,6410.0,79.87,26.58,0.01,-0.08,26.5,2026-09-18,2030-03-01,2025-03-27,Пут,МСБ-Лизинг,Лизинг,Отличная,1000.0,12,2026-09-18,есть,2026-09-15,fixed
RU000A10CLD5,МСБЛиз3P06,BB+,RUB,300.0,99.33,1332.0,26.6,23.16,0.83,0.33,23.0,2027-08-18,2029-08-07,2025-08-28,Пут,МСБ-Лизинг,Лизинг,Хорошая,1000.0,12,2026-09-22,есть,2026-09-15,fixed
RU000A10EB07,МСБЛиз3P07,BB+,RUB,400.0,94.83,1478.0,28.62,22.14,1.21,0.24,21.0,,2029-02-02,2026-02-18,Отсутствует,МСБ-Лизинг,Лизинг,Отличная,1000.0,12,2026-09-16,есть,2026-09-15,fixed
RU000A101FH6,МТС 1P-14,AAA,RUB,15000.0,97.21,178.0,14.5,6.79,0.4,0.01,6.6,,2027-02-11,2020-02-20,Отсутствует,МТС,Телекоммуникации,Отличная,1000.0,4,2026-11-12,отсутствует,2026-09-15,fixed
RU000A101NG2,МТС 1P-15,AAA,RUB,5000.0,99.44,-244.0,10.59,6.64,0.14,-0.36,6.6,,2026-11-05,2020-05-14,Отсутствует,МТС,Телекоммуникации,Средняя,1000.0,4,2026-11-05,отсутствует,2026-09-15,fixed
RU000A10AV98,МТС 1P-28,AAA,RUB,20000.0,99.34,210.0,15.19,13.34,0.68,-0.06,13.25,2027-06-04,2028-01-30,2025-02-14,Пут,МТС,Телекоммуникации,Отличная,1000.0,12,2026-10-07,отсутствует,2026-09-15,fixed
RU000A10CQ85,МТС 1P-29,AAA,RUB,15000.0,99.97,221.0,15.01,14.0,0.45,-0.06,14.0,2027-03-06,2030-08-17,2025-09-12,Пут,МТС,Телекоммуникации,Отличная,1000.0,12,2026-10-07,отсутствует,2026-09-15,fixed
RU000A10B1N3,МТС 2P-07,AAA,RUB,20000.0,100.4,180.0,14.57,14.54,0.44,0.02,14.6,2027-02-28,2028-02-23,2025-03-10,Пут,МТС,Телекоммуникации,Отличная,1000.0,12,2026-10-01,отсутствует,2026-09-15,fixed
RU000A10BGY3,МТС 2P-10,AAA,RUB,15000.0,98.59,160.0,15.43,13.44,1.2,0.04,13.25,2028-01-10,2030-03-30,2025-04-25,Пут,МТС,Телекоммуникации,Отличная,1000.0,12,2026-09-17,отсутствует,2026-09-15,fixed
RU000A10BP79,МТС 2P-11,AAA,RUB,15000.0,100.85,197.0,14.92,18.84,0.17,-0.12,19.0,2026-11-18,2030-05-01,2025-05-27,Пут,МТС,Телекоммуникации,Отличная,1000.0,12,2026-09-19,отсутствует,2026-09-15,fixed
RU000A10BW62,МТС 2P-12,AAA,RUB,15000.0,98.5,166.0,15.5,13.45,1.21,-0.17,13.25,2028-01-13,2030-06-01,2025-06-27,Пут,МТС,Телекоммуникации,Отличная,1000.0,12,2026-09-20,отсутствует,2026-09-15,fixed
RU000A10ESM7,МТС 2Р-18,AAA,RUB,15000.0,99.15,134.0,15.53,14.02,1.39,-0.13,13.9,2028-03-30,2036-02-17,2026-04-10,Пут,МТС,Телекоммуникации,Отличная,1000.0,12,2026-10-07,отсутствует,2026-09-15,fixed
RU000A0JWRV9,МТС БО-02,AAA,RUB,10000.0,101.74,1.0,14.06,14.74,1.32,0.98,15.0,2028-02-18,2031-08-15,2016-09-02,Пут,МТС,Телекоммуникации,Плохая,1000.0,2,2027-02-19,отсутствует,2026-09-15,fixed
RU000A10C618,Магнит4P08,AAA/AA+,RUB,75000.0,100.98,141.0,14.8,14.8,0.92,0.02,14.95,,2027-09-12,2025-07-24,Отсутствует,Магнит,Розница,Отличная,1000.0,12,2026-09-17,отсутствует,2026-09-15,fixed
RU000A10CL07,Магнит4P09,AAA/AA+,RUB,13900.0,100.07,72.0,14.05,13.29,0.86,0.01,13.3,,2027-08-17,2025-08-27,Отсутствует,Магнит,Розница,Отличная,1000.0,12,2026-09-21,отсутствует,2026-09-15,fixed
RU000A1074F4,МаниКап1Р1,B+,RUB,150.0,99.55,905.0,22.18,15.07,0.06,0.05,15.0,,2026-10-08,2023-10-24,Отсутствует,Мани Капитал,МФО,Отличная,1000.0,12,2026-10-08,отсутствует,2026-09-15,fixed
RU000A1079G1,МаниКап1Р2,B+,RUB,60.0,99.59,730.0,20.3,15.06,0.11,0.24,15.0,,2026-11-12,2023-11-28,Отсутствует,Мани Капитал,МФО,Средняя,400.0,12,2026-10-13,есть,2026-09-15,fixed
RU000A107WD7,МаниКап1Р3,B+,RUB,300.0,97.5,1531.0,28.17,15.38,0.25,0.3,15.0,,2027-02-18,2024-03-05,Отсутствует,Мани Капитал,МФО,Отличная,1000.0,12,2026-09-21,есть,2026-09-15,fixed
RU000A10BGC9,МаниМен2П1,BBB-,RUB,1400.0,109.31,749.0,22.14,23.33,1.71,0.23,25.5,,2029-04-03,2025-04-24,Отсутствует,МФК Мани Мен,МФО,Хорошая,1000.0,12,2026-09-16,есть,2026-09-15,fixed
RU000A10AYU6,МаниМенБО1,BBB-,RUB,500.0,109.2,694.0,20.72,24.27,1.18,-0.51,26.5,,2028-02-10,2025-02-25,Отсутствует,МФК Мани Мен,МФО,Средняя,1000.0,12,2026-09-18,отсутствует,2026-09-15,fixed
RU000A105NT6,МгдОбл2022,A-,RUB,1400.0,97.95,144.0,14.49,10.83,0.65,0.12,10.61,,2027-12-17,2022-12-23,Отсутствует,Магаданская область,Субфедеральный долг,Хорошая,700.0,4,2026-09-18,есть,2026-09-15,fixed
RU000A106YE3,МгдОбл2023,A-,RUB,1000.0,98.42,282.0,16.29,13.97,0.97,0.02,13.75,,2028-09-20,2023-09-27,Отсутствует,Магаданская область,Субфедеральный долг,Отличная,1000.0,4,2026-09-23,есть,2026-09-15,fixed
RU000A10F827,МегаФн2Р13,AAA,RUB,15000.0,99.05,117.0,15.03,13.43,1.22,-0.2,13.3,,2028-01-17,2026-05-27,Отсутствует,Мегафон,Телекоммуникации,Отличная,1000.0,12,2026-09-24,отсутствует,2026-09-15,fixed
RU000A105YB1,Медси 1P02,AA,RUB,3000.0,99.31,249.0,15.31,13.09,0.47,-0.1,13.0,2027-03-11,2038-02-25,2023-03-16,Пут,Медси,Потребительские товары,Отличная,1000.0,4,2026-12-10,отсутствует,2026-09-15,fixed
RU000A106K27,Медси 1P03,AA,RUB,3000.0,100.27,-77.0,12.31,16.46,0.07,0.21,16.5,2026-10-12,2038-06-28,2023-07-17,Пут,Медси,Потребительские товары,Отличная,1000.0,4,2026-10-12,отсутствует,2026-09-15,fixed
RU000A10BYZ3,Медскан1Р1,A,RUB,3000.0,102.72,334.0,16.75,18.01,0.93,0.06,18.5,,2027-09-22,2025-07-04,Отсутствует,Медскан,Розница,Отличная,1000.0,12,2026-09-27,отсутствует,2026-09-15,fixed
RU000A10EYY0,Медскан1Р2,A,RUB,3500.0,98.6,323.0,17.59,15.57,1.47,0.0,15.35,,2028-05-17,2026-04-28,Отсутствует,Медскан,Розница,Отличная,1000.0,12,2026-09-25,отсутствует,2026-09-15,fixed
RU000A10FSE1,МеталТрБ01,B,RUB,44.0,96.52,1585.0,30.57,26.42,2.42,-0.98,25.5,2028-07-19,2030-07-09,2026-07-30,Колл,Металл Трейд,Промышленность,Средняя,1000.0,12,2026-09-28,отсутствует,2026-09-15,fixed
RU000A107KR2,МигКр 04,BB-,RUB,48.0,101.47,-23.0,12.72,20.7,0.16,0.53,21.0,,2026-12-31,2024-01-16,Отсутствует,Мигкредит,МФО,Средняя,160.0,12,2026-10-02,есть,2026-09-15,fixed
RU000A0ZZE87,МосКред 15,AA-/A+ (BB),RUB,5000.0,97.99,211.0,16.66,15.31,2.06,10.99,15.0,2029-01-09,,2018-07-24,Колл,Московский Кредитный Банк,Банки,Плохая,1000.0,2,2027-01-12,отсутствует,2026-09-15,fixed
RU000A102CR0,МосОб35015,AAA,RUB,9000.0,98.87,56.0,13.52,6.02,0.15,-0.17,5.95,,2026-11-10,2020-11-17,Отсутствует,Московская область,Субфедеральный долг,Отличная,300.0,4,2026-11-10,есть,2026-09-15,fixed
RU000A102G35,МосОб35016,AAA,RUB,4500.0,94.63,183.0,14.93,6.29,0.68,-0.21,5.95,,2027-11-30,2020-12-08,Отсутствует,Московская область,Субфедеральный долг,Хорошая,150.0,4,2026-12-01,есть,2026-09-15,fixed
RU000A103U69,МоторТ1Р03,B-,RUB,12.0,97.74,6081.0,75.02,12.02,0.04,-1.6,11.75,,2026-09-29,2021-10-05,Отсутствует,Моторные технологии,Промышленность,Плохая,125.0,4,2026-09-29,есть,2026-09-15,fixed
RU000A107TD3,МоторТ1Р04,B-,RUB,220.0,43.58,7020.0,84.85,41.3,1.71,-0.05,18.0,2027-02-16,2029-02-13,2024-02-20,Колл,Моторные технологии,Промышленность,Средняя,1000.0,4,2026-11-17,отсутствует,2026-09-15,fixed
RU000A108KV2,МоторТ1Р05,B-,RUB,70.0,47.69,6101.0,75.7,41.94,1.82,-0.01,20.0,2027-05-28,2029-05-25,2024-05-31,Колл,Моторные технологии,Промышленность,Плохая,1000.0,4,2026-11-27,отсутствует,2026-09-15,fixed
RU000A10DG52,МоторТ2Р01,B-,RUB,36.0,89.9,1794.0,32.63,27.81,2.56,0.61,25.0,2027-11-16,2030-11-12,2025-11-18,Колл,Моторные технологии,Промышленность,Плохая,1000.0,4,2026-11-17,отсутствует,2026-09-15,fixed
RU000A10EXJ3,МэйлБ1Р2,AA,RUB,2500.0,99.46,60.0,15.39,14.23,2.14,0.18,14.15,,2029-04-06,2026-04-22,Отсутствует,VK,IT,Отличная,1000.0,12,2026-09-19,отсутствует,2026-09-15,fixed
RU000A0ZZZ17,НКНХ 1Р-01,AAA,RUB,15000.0,101.96,42.0,15.14,15.4,1.89,0.66,15.7,,2028-12-07,2018-12-20,Отсутствует,Нижнекамскнефтехим,Промышленность,Погранично хорошая,1000.0,2,2026-12-10,отсутствует,2026-09-15,fixed
RU000A108G70,НОВАТЭК1Р2,AAA,USD,750.0,92.83,122.0,9.65,6.73,2.46,-0.27,6.25,,2029-05-16,2024-05-22,Отсутствует,Новатэк,Нефть и Газ,Отличная,100.0,4,2026-11-18,отсутствует,2026-09-15,fixed
RU000A10AUX8,НОВАТЭК1Р3,AAA,USD,500.0,100.81,63.0,9.17,9.32,1.36,-0.38,9.4,,2028-02-27,2025-02-12,Отсутствует,Новатэк,Нефть и Газ,Отличная,100.0,12,2026-10-05,отсутствует,2026-09-15,fixed
RU000A10BV55,НОВАТЭК1Р4,AAA,USD,350.0,94.09,128.0,9.81,7.97,3.21,-0.26,7.5,,2030-05-29,2025-06-24,Отсутствует,Новатэк,Нефть и Газ,Отличная,1000.0,12,2026-09-17,отсутствует,2026-09-15,fixed
RU000A10C9Y2,НОВАТЭК1Р5,AAA,USD,750.0,93.35,128.0,9.74,7.5,2.95,-0.17,7.0,,2030-01-11,2025-08-05,Отсутствует,Новатэк,Металлургия,Отличная,1000.0,12,2026-09-29,отсутствует,2026-09-15,fixed
RU000A10BR02,НПакБО-01,,RUB,130.0,148.2,-1749.0,-3.9,23.62,1.04,-0.02,35.0,2027-11-23,2031-05-06,2025-06-06,Пут,"ООО ""Нео-Пак""",Промышленность,Плохая,1000.0,12,2026-09-29,отсутствует,2026-09-15,fixed
RU000A1043K9,НижгорОб16,A,RUB,10500.0,97.65,168.0,14.57,9.47,0.53,-0.06,9.25,,2027-05-26,2021-11-23,Отсутствует,Нижегородская область,Субфедеральный долг,Хорошая,700.0,4,2026-11-17,есть,2026-09-15,fixed
RU000A10AHE5,НовТех1Р2,A/A-,RUB,1150.0,103.36,174.0,14.61,26.61,0.24,0.15,27.5,,2026-12-16,2024-12-26,Отсутствует,Новые Технологии,Промышленность,Отличная,1000.0,12,2026-09-17,отсутствует,2026-09-15,fixed
RU000A10AYF7,НовТех1Р4,A/A-,RUB,1100.0,102.95,525.0,17.99,23.56,0.41,0.02,24.25,,2027-02-19,2025-02-21,Отсутствует,Новые Технологии,Промышленность,Отличная,1000.0,4,2026-11-20,отсутствует,2026-09-15,fixed
RU000A10BFK4,НовТех1Р5,A/A-,RUB,400.0,103.18,578.0,18.67,22.53,0.53,-0.17,23.25,,2027-04-08,2025-04-18,Отсутствует,Новые Технологии,Промышленность,Хорошая,1000.0,12,2026-10-10,отсутствует,2026-09-15,fixed
RU000A10BY45,НовТех1Р7,A/A-,RUB,1300.0,103.21,383.0,16.95,19.62,0.71,0.36,20.25,,2027-06-22,2025-07-02,Отсутствует,Новые Технологии,Промышленность,Отличная,1000.0,12,2026-09-25,отсутствует,2026-09-15,fixed
RU000A10CMQ5,НовТех1Р8,A/A-,RUB,1500.0,101.83,262.0,15.95,16.69,0.87,0.38,17.0,,2027-08-24,2025-09-03,Отсутствует,Новые Технологии,Промышленность,Отличная,1000.0,12,2026-09-28,отсутствует,2026-09-15,fixed
RU000A105DL4,НовТехнБ1,A/A-,RUB,800.0,101.94,256.0,16.1,17.17,1.01,0.05,17.5,,2027-11-02,2022-11-08,Отсутствует,Новые Технологии,Промышленность,Средняя,1000.0,2,2026-11-03,отсутствует,2026-09-15,fixed
RU000A106PW3,НовТехнБ2,A/A-,RUB,1000.0,100.2,345.0,18.09,17.47,1.67,-0.16,17.5,,2028-08-08,2023-08-15,Отсутствует,Новые Технологии,Промышленность,Отличная,1000.0,2,2027-02-09,отсутствует,2026-09-15,fixed
RU000A1082W2,НовТехнБ3,A/A-,RUB,662.0,101.1,404.0,16.84,17.9,0.45,-0.12,18.1,,2027-03-07,2024-03-22,Отсутствует,Новые Технологии,Промышленность,Отличная,1000.0,12,2026-10-08,отсутствует,2026-09-15,fixed
RU000A10CSQ2,НоваБев3Р1,AA/AA-,RUB,7000.0,99.19,165.0,16.12,14.62,1.52,0.14,14.5,,2028-09-06,2025-09-22,Отсутствует,Новабев Групп,Потребительские товары,Отличная,1000.0,12,2026-09-17,есть,2026-09-15,fixed
RU000A10E7G1,НоваБев3Р2,AA/AA-,RUB,5000.0,100.3,149.0,16.17,15.2,1.8,-0.1,15.25,,2029-01-20,2026-02-05,Отсутствует,Новабев Групп,Потребительские товары,Отличная,1000.0,12,2026-10-03,есть,2026-09-15,fixed
RU000A10EMG2,НоваБев3Р3,AA/AA-,RUB,7000.0,99.29,122.0,15.94,14.6,1.91,0.05,14.5,,2029-03-04,2026-03-20,Отсутствует,Новабев Групп,Потребительские товары,Отличная,1000.0,12,2026-09-16,есть,2026-09-15,fixed
RU000A104Y15,НоваБевБП5,AA/AA-,RUB,5250.0,97.51,260.0,15.61,11.13,0.62,0.0,10.85,,2027-07-06,2022-07-12,Отсутствует,Новабев Групп,Потребительские товары,Отличная,750.0,2,2027-01-05,есть,2026-09-15,fixed
RU000A1043E2,Новосиб 22,AA-,RUB,350.0,94.61,3.0,14.01,9.54,1.29,-0.28,9.03,,2028-11-14,2021-11-23,Отсутствует,Новосибирская область,Субфедеральный долг,Плохая,700.0,4,2026-10-17,есть,2026-09-15,fixed
RU000A107B19,Новосиб 23,AA-,RUB,20000.0,95.53,96.0,15.74,13.35,2.14,-0.31,12.75,,2030-11-22,2023-12-01,Отсутствует,Новосибирская область,Субфедеральный долг,Хорошая,1000.0,4,2026-10-17,есть,2026-09-15,fixed
RU000A1099S4,Новосиб 24,AA-,RUB,13500.0,101.64,154.0,15.48,17.46,1.27,-0.02,17.75,,2029-08-17,2024-08-23,Отсутствует,Новосибирская область,Субфедеральный долг,Отличная,1000.0,4,2026-10-17,есть,2026-09-15,fixed
RU000A10DG60,Новосиб 27,AA-,RUB,11500.0,100.58,92.0,15.61,15.01,1.85,0.0,15.1,,2029-10-13,2025-11-18,Отсутствует,Новосибирская область,Субфедеральный долг,Отличная,1000.0,4,2026-10-17,есть,2026-09-15,fixed
RU000A100WF7,Новосиб10,A,RUB,1500.0,99.88,-382.0,9.17,7.31,0.06,-0.02,7.3,,2026-10-08,2019-10-10,Отсутствует,Новосибирск,Субфедеральный долг,Погранично плохая,300.0,4,2026-10-08,есть,2026-09-15,fixed
RU000A105CM4,Новотр 1Р3,AA-,RUB,17812.0,97.37,444.0,17.39,12.02,0.58,-0.03,11.7,,2027-10-26,2022-11-01,Отсутствует,Новотранс,Транспорт,Отличная,625.0,4,2026-10-27,есть,2026-09-15,fixed
RU000A107W06,Новотр 1Р5,AA-,RUB,10000.0,99.4,432.0,17.09,14.34,0.33,-0.1,14.25,,2027-03-04,2024-03-07,Отсутствует,Новотранс,Транспорт,Отличная,1000.0,4,2026-12-03,есть,2026-09-15,fixed
RU000A10BBE6,Новотр 1Р6,AA-,RUB,10500.0,104.64,243.0,16.77,17.92,1.46,-0.03,18.75,,2028-09-22,2025-04-11,Отсутствует,Новотранс,Транспорт,Отличная,1000.0,12,2026-10-03,есть,2026-09-15,fixed
RU000A10DCF7,Новотр 2Р1,AA- (AA/AA-),RUB,8500.0,100.6,216.0,16.84,15.9,1.77,-0.06,16.0,,2028-10-16,2025-11-01,Отсутствует,Новотранс,Транспорт,Отличная,1000.0,12,2026-09-27,отсутствует,2026-09-15,fixed
RU000A10BQU0,НорНик1P10,AAA,USD,500.0,105.88,-267.0,5.87,7.08,3.21,-5.46,7.5,,2030-05-10,2025-06-05,Отсутствует,Норильский никель,Металлургия,Плохая,100.0,12,2026-09-28,отсутствует,2026-09-15,fixed
RU000A10BU23,НорНик1P11,AAA,CNY,3000.0,100.33,-206.0,5.01,6.98,0.16,0.43,7.0,2026-11-12,2030-05-25,2025-06-20,Пут,Норильский никель,Металлургия,Отличная,1000.0,12,2026-10-13,отсутствует,2026-09-15,fixed
RU000A10BTU4,НорНик1P12,AAA,USD,500.0,103.99,-190.0,6.53,7.69,2.38,0.0,8.0,2029-04-29,2030-05-24,2025-06-19,Пут,Норильский никель,Металлургия,Плохая,100.0,12,2026-10-12,отсутствует,2026-09-15,fixed
RU000A10C8Q0,НорНик1P13,AAA,USD,975.0,101.16,-421.0,4.53,7.66,0.35,1.78,7.75,2027-01-23,2030-07-06,2025-08-01,Пут,Норильский никель,Металлургия,Плохая,100.0,12,2026-09-25,отсутствует,2026-09-15,fixed
RU000A10CRC4,НорНик1P14,AAA,USD,850.0,92.89,116.0,9.56,6.89,2.68,-0.27,6.4,,2029-08-26,2025-09-16,Отсутствует,Норильский никель,,Отличная,100.0,12,2026-10-11,отсутствует,2026-09-15,fixed
RU000A10CRD2,НорНик1P15,AAA,CNY,9000.0,99.4,173.0,8.8,7.55,0.63,-0.52,7.5,2027-05-09,2030-08-21,2025-09-16,Пут,Норильский никель,Металлургия,Средняя,1000.0,12,2026-10-11,отсутствует,2026-09-15,fixed
RU000A10DLV5,НорНик1P16,AAA,CNY,4000.0,99.63,59.0,7.57,7.03,1.18,-0.91,7.0,2027-12-10,2030-12-24,2025-11-27,Пут,Норильский никель,Металлургия,Средняя,1000.0,12,2026-09-16,отсутствует,2026-09-15,fixed
RU000A10FC62,НорНик1P17,AAA,CNY,3000.0,97.36,135.0,8.77,7.81,3.22,0.75,7.6,,2030-05-26,2026-06-16,Отсутствует,Норильский никель,Металлургия,Отличная,1000.0,12,2026-10-14,отсутствует,2026-09-15,fixed
RU000A10B4K3,НорНикБ1P8,AAA,USD,1000.0,97.86,111.0,9.64,7.92,1.46,-0.18,7.75,2028-04-04,2030-02-23,2025-03-21,Пут,Норильский никель,Металлургия,Отличная,100.0,12,2026-10-12,отсутствует,2026-09-15,fixed
RU000A107C67,НорНикЗ26Д,AAA,USD,333.0,99.6,-256.0,6.19,2.81,0.12,0.59,2.8,,2026-10-27,2023-12-07,Отсутствует,Норильский никель,Металлургия,Не определена,1000.0,2,2026-10-27,отсутствует,2026-09-15,fixed
RU000A1009Z8,О'КЕЙ Б1Р2,,RUB,5000.0,85.15,363.0,18.46,11.74,2.21,-0.33,10.0,,2029-04-06,2019-04-19,Отсутствует,О'кей,Розница,Средняя,1000.0,4,2026-10-09,отсутствует,2026-09-15,fixed
RU000A102BK7,О'КЕЙ Б1Р4,,RUB,5000.0,80.01,264.0,17.8,12.37,3.28,0.17,9.9,,2030-10-25,2020-11-06,Отсутствует,О'кей,Розница,Плохая,1000.0,4,2026-10-30,отсутствует,2026-09-15,fixed
RU000A1084E6,О'КЕЙ Б1Р6,,RUB,3500.0,99.55,494.0,17.76,15.57,0.48,0.1,15.5,2027-03-14,2034-03-07,2024-03-29,Пут,О'кей,Розница,Отличная,1000.0,12,2026-10-15,отсутствует,2026-09-15,fixed
RU000A10CCN3,О'КЕЙ Б1Р8,,RUB,3000.0,100.05,539.0,18.11,16.89,0.38,-0.01,16.9,2027-02-04,2028-07-28,2025-08-13,Пут,О'кей,Розница,Отличная,1000.0,12,2026-10-07,отсутствует,2026-09-15,fixed
RU000A10ES32,ОДК1Р01,A+,RUB,15000.0,100.71,322.0,17.98,16.88,2.05,-0.05,17.0,,2029-03-22,2026-04-07,Отсутствует,ОДК,Промышленность,Хорошая,1000.0,12,2026-10-04,отсутствует,2026-09-15,fixed
RU000A10FG76,ОДК1Р03,A+,RUB,11000.0,99.89,305.0,17.87,16.52,2.2,-0.01,16.5,,2029-06-02,2026-06-18,Отсутствует,ОДК,Промышленность,Отличная,1000.0,12,2026-09-16,отсутствует,2026-09-15,fixed
RU000A10FJS0,ОТ001P-01,AA+,RUB,10000.0,100.0,59.0,15.16,14.2,1.56,-0.05,14.2,,2028-06-22,2026-07-03,Отсутствует,Облачные технологии,IT,Хорошая,1000.0,12,2026-10-01,отсутствует,2026-09-15,fixed
SU26207RMFS9,ОФЗ 26207,AAA,RUB,370201.0,98.29,0.0,12.71,8.29,0.39,0.05,8.15,,2027-02-03,2012-02-22,Отсутствует,Россия,"ОФЗ, Cуверенный долг (РФ)",Отличная,1000.0,2,2027-02-03,отсутствует,2026-09-15,fixed
SU26212RMFS9,ОФЗ 26212,AAA,RUB,348054.0,92.34,-6.0,13.91,7.63,1.29,0.0,7.05,,2028-01-19,2013-01-23,Отсутствует,Россия,"ОФЗ, Cуверенный долг (РФ)",Отличная,1000.0,2,2027-01-20,отсутствует,2026-09-15,fixed
SU26218RMFS6,ОФЗ 26218,AAA,RUB,550378.0,78.0,0.0,15.44,10.9,3.85,0.0,8.5,,2031-09-17,2015-10-28,Отсутствует,Россия,"ОФЗ, Cуверенный долг (РФ)",Отличная,1000.0,2,2026-09-23,отсутствует,2026-09-15,fixed
SU26219RMFS4,ОФЗ 26219,AAA,RUB,361974.0,99.98,-247.0,13.44,7.75,0.0,0.03,7.75,,2026-09-16,2016-06-29,Отсутствует,Россия,"ОФЗ, Cуверенный долг (РФ)",Отличная,1000.0,2,2026-09-16,отсутствует,2026-09-15,fixed
SU26221RMFS0,ОФЗ 26221,AAA,RUB,396269.0,69.88,0.0,15.7,11.02,4.71,0.0,7.7,,2033-03-23,2017-02-15,Отсутствует,Россия,"ОФЗ, Cуверенный долг (РФ)",Отличная,1000.0,2,2026-09-30,отсутствует,2026-09-15,fixed
SU26224RMFS4,ОФЗ 26224,AAA,RUB,446906.0,84.05,3.0,14.75,8.21,2.42,-0.05,6.9,,2029-05-23,2018-02-21,Отсутствует,Россия,"ОФЗ, Cуверенный долг (РФ)",Отличная,1000.0,2,2026-11-25,отсутствует,2026-09-15,fixed
SU26225RMFS1,ОФЗ 26225,AAA,RUB,467658.0,63.97,-1.0,16.02,11.33,5.32,0.02,7.25,,2034-05-10,2018-02-21,Отсутствует,Россия,"ОФЗ, Cуверенный долг (РФ)",Хорошая,1000.0,2,2026-11-18,отсутствует,2026-09-15,fixed
SU26226RMFS9,ОФЗ 26226,AAA,RUB,367211.0,99.7,-37.0,12.69,7.97,0.06,0.02,7.95,,2026-10-07,2019-02-06,Отсутствует,Россия,"ОФЗ, Cуверенный долг (РФ)",Отличная,1000.0,2,2026-10-07,отсутствует,2026-09-15,fixed
SU26228RMFS5,ОФЗ 26228,AAA,RUB,595545.0,81.4,0.0,15.03,9.4,3.02,0.06,7.65,,2030-04-10,2019-04-24,Отсутствует,Россия,"ОФЗ, Cуверенный долг (РФ)",Отличная,1000.0,2,2026-10-14,отсутствует,2026-09-15,fixed
SU26230RMFS1,ОФЗ 26230,AAA,RUB,518217.0,57.45,,16.1,13.4,6.38,-0.15,7.7,,2039-03-16,2019-06-19,Отсутствует,Россия,"ОФЗ, Cуверенный долг (РФ)",Отличная,1000.0,2,2026-09-30,отсутствует,2026-09-15,fixed
SU26232RMFS7,ОФЗ 26232,AAA,RUB,447934.0,93.24,-3.0,13.48,6.44,1.01,0.05,6.0,,2027-10-06,2019-12-04,Отсутствует,Россия,"ОФЗ, Cуверенный долг (РФ)",Отличная,1000.0,2,2026-10-07,отсутствует,2026-09-15,fixed
SU26233RMFS5,ОФЗ 26233,AAA,RUB,594873.0,56.35,0.0,15.83,10.83,6.12,0.02,6.1,,2035-07-18,2020-02-19,Отсутствует,Россия,"ОФЗ, Cуверенный долг (РФ)",Отличная,1000.0,2,2027-01-27,отсутствует,2026-09-15,fixed
SU26235RMFS0,ОФЗ 26235,AAA,RUB,664823.0,71.75,0.0,15.27,8.22,3.9,0.04,5.9,,2031-03-12,2020-10-28,Отсутствует,Россия,"ОФЗ, Cуверенный долг (РФ)",Отличная,1000.0,2,2026-09-16,отсутствует,2026-09-15,fixed
SU26236RMFS8,ОФЗ 26236,AAA,RUB,498594.0,87.85,0.0,14.61,6.49,1.58,-0.05,5.7,,2028-05-17,2020-11-11,Отсутствует,Россия,"ОФЗ, Cуверенный долг (РФ)",Отличная,1000.0,2,2026-11-18,отсутствует,2026-09-15,fixed
SU26237RMFS6,ОФЗ 26237,AAA,RUB,454302.0,84.47,-2.0,14.84,7.93,2.32,0.07,6.7,,2029-03-14,2021-06-16,Отсутствует,Россия,"ОФЗ, Cуверенный долг (РФ)",Отличная,1000.0,2,2026-09-16,отсутствует,2026-09-15,fixed
SU26238RMFS4,ОФЗ 26238,AAA,RUB,863760.0,52.73,,15.83,13.46,6.97,-0.11,7.1,,2041-05-15,2021-06-16,Отсутствует,Россия,"ОФЗ, Cуверенный долг (РФ)",Отличная,1000.0,2,2026-12-02,отсутствует,2026-09-15,fixed
SU26239RMFS2,ОФЗ 26239,AAA,RUB,549009.0,73.53,-12.0,15.26,9.38,4.03,-0.06,6.9,,2031-07-23,2021-06-16,Отсутствует,Россия,"ОФЗ, Cуверенный долг (РФ)",Отличная,1000.0,2,2027-01-27,отсутствует,2026-09-15,fixed
SU26240RMFS0,ОФЗ 26240,AAA,RUB,605891.0,58.53,0.0,15.84,11.96,6.3,0.01,7.0,,2036-07-30,2021-06-30,Отсутствует,Россия,"ОФЗ, Cуверенный долг (РФ)",Отличная,1000.0,2,2027-02-10,отсутствует,2026-09-15,fixed
SU26241RMFS8,ОФЗ 26241,AAA,RUB,750000.0,77.78,0.0,15.73,12.21,4.44,-0.02,9.5,,2032-11-17,2022-11-16,Отсутствует,Россия,"ОФЗ, Cуверенный долг (РФ)",Отличная,1000.0,2,2026-11-25,отсутствует,2026-09-15,fixed
SU26242RMFS6,ОФЗ 26242,AAA,RUB,529357.0,87.71,7.0,14.74,10.26,2.63,-0.26,9.0,,2029-08-29,2023-01-25,Отсутствует,Россия,"ОФЗ, Cуверенный долг (РФ)",Отличная,1000.0,2,2027-03-03,отсутствует,2026-09-15,fixed
SU26243RMFS4,ОФЗ 26243,AAA,RUB,750000.0,69.18,0.0,16.22,14.17,6.03,-0.2,9.8,,2038-05-19,2023-06-21,Отсутствует,Россия,"ОФЗ, Cуверенный долг (РФ)",Отличная,1000.0,2,2026-12-02,отсутствует,2026-09-15,fixed
SU26244RMFS2,ОФЗ 26244,AAA,RUB,996094.0,81.33,1.0,16.16,13.83,4.68,-0.16,11.25,,2034-03-15,2023-10-25,Отсутствует,Россия,"ОФЗ, Cуверенный долг (РФ)",Отличная,1000.0,2,2026-09-23,отсутствует,2026-09-15,fixed
SU26245RMFS9,ОФЗ 26245,AAA,RUB,1038065.0,82.87,0.0,16.2,14.48,5.09,-0.09,12.0,,2035-09-26,2024-05-15,Отсутствует,Россия,"ОФЗ, Cуверенный долг (РФ)",Отличная,1000.0,2,2026-10-07,отсутствует,2026-09-15,fixed
SU26246RMFS7,ОФЗ 26246,AAA,RUB,1078085.0,82.55,0.0,16.19,14.54,5.18,-0.02,12.0,,2036-03-12,2024-05-22,Отсутствует,Россия,"ОФЗ, Cуверенный долг (РФ)",Отличная,1000.0,2,2026-09-23,отсутствует,2026-09-15,fixed
SU26247RMFS5,ОФЗ 26247,AAA,RUB,1000000.0,81.62,2.0,16.22,15.01,5.88,-0.17,12.25,,2039-05-11,2024-05-15,Отсутствует,Россия,"ОФЗ, Cуверенный долг (РФ)",Отличная,1000.0,2,2026-11-25,отсутствует,2026-09-15,fixed
SU26248RMFS3,ОФЗ 26248,AAA,RUB,1000000.0,81.21,0.0,16.21,15.08,6.03,-0.21,12.25,,2040-05-16,2024-05-15,Отсутствует,Россия,"ОФЗ, Cуверенный долг (РФ)",Отличная,1000.0,2,2026-12-02,отсутствует,2026-09-15,fixed
SU26249RMFS1,ОФЗ 26249,AAA,RUB,886528.0,83.9,39.0,15.88,13.11,4.15,-0.14,11.0,,2032-06-16,2025-06-25,Отсутствует,Россия,"ОФЗ, Cуверенный долг (РФ)",Отличная,1000.0,2,2026-12-23,отсутствует,2026-09-15,fixed
SU26250RMFS9,ОФЗ 26250,AAA,RUB,622135.0,81.52,7.0,16.2,14.72,5.65,-0.11,12.0,,2037-06-10,2025-06-25,Отсутствует,Россия,"ОФЗ, Cуверенный долг (РФ)",Отличная,1000.0,2,2026-12-23,отсутствует,2026-09-15,fixed
SU26251RMFS7,ОФЗ 26251,AAA,RUB,500319.0,84.6,15.0,15.33,11.23,3.31,-0.14,9.5,,2030-08-28,2025-08-27,Отсутствует,Россия,"ОФЗ, Cуверенный долг (РФ)",Отличная,1000.0,12,2027-03-03,отсутствует,2026-09-15,fixed
SU26252RMFS5,ОФЗ 26252,AAA,RUB,799896.0,87.4,29.0,16.09,14.3,4.48,-0.09,12.5,,2033-10-12,2025-10-22,Отсутствует,Россия,"ОФЗ, Cуверенный долг (РФ)",Отличная,1000.0,2,2026-10-21,отсутствует,2026-09-15,fixed
SU26253RMFS3,ОФЗ 26253,AAA,RUB,423776.0,86.0,8.0,16.21,15.12,5.64,-0.2,13.0,,2038-10-06,2025-10-22,Отсутствует,Россия,"ОФЗ, Cуверенный долг (РФ)",Отличная,1000.0,2,2026-10-21,отсутствует,2026-09-15,fixed
SU26254RMFS1,ОФЗ 26254,AAA,RUB,679273.0,85.27,1.0,16.22,15.25,5.9,-0.12,13.0,,2040-10-03,2025-10-22,Отсутствует,Россия,"ОФЗ, Cуверенный долг (РФ)",Отличная,1000.0,2,2026-10-21,отсутствует,2026-09-15,fixed
RU000A10DQB6,ОФЗ 29 CNY,AAA,CNY,12000.0,98.22,0.0,6.91,6.11,2.32,0.71,6.0,,2029-02-28,2025-12-08,Отсутствует,Россия,Cуверенный долг (РФ),Отличная,10000.0,2,2027-03-03,отсутствует,2026-09-15,fixed
RU000A10DQA8,ОФЗ 33 CNY,AAA,CNY,8000.0,94.6,0.0,8.22,7.4,5.32,0.15,7.0,,2033-06-01,2025-12-08,Отсутствует,Россия,Cуверенный долг (РФ),Отличная,10000.0,2,2026-12-09,отсутствует,2026-09-15,fixed
RU000A10FAK6,ОФЗ 36 CNY,AAA,CNY,10000.0,94.23,0.0,8.72,8.12,6.77,-0.28,7.65,,2036-05-21,2026-06-03,Отсутствует,Россия,Cуверенный долг (РФ),Отличная,10000.0,2,2026-12-02,отсутствует,2026-09-15,fixed
RU000A10C8H9,ОилРес1P2,,RUB,3000.0,6.91,,,405.21,0.27,-0.01,28.0,2028-07-16,2030-07-06,2025-08-01,Колл,Ойл Ресурс Групп,Нефть и Газ,Отличная,1000.0,12,2026-09-25,отсутствует,2026-09-15,fixed
RU000A10DB16,ОилРес1P3,,RUB,3755.0,6.86,,,422.74,0.26,-0.09,29.0,,2030-10-03,2025-10-29,Отсутствует,Ойл Ресурс Групп,Нефть и Газ,Отличная,1000.0,12,2026-09-24,отсутствует,2026-09-15,fixed
RU000A108B83,ОилРесур01,,RUB,1000.0,6.8,,,250.0,0.42,-0.14,17.0,,2027-04-07,2024-04-22,Отсутствует,Ойл Ресурс Групп,Нефть и Газ,Хорошая,1000.0,12,2026-10-09,отсутствует,2026-09-15,fixed
RU000A10AZN8,Органик1Р1,BB,RUB,100.0,100.39,1965.0,33.39,29.39,1.15,-0.27,29.5,2027-02-18,2028-02-13,2025-02-28,Колл,Органик Парк,Сельское хозяйство,Средняя,1000.0,12,2026-09-21,отсутствует,2026-09-15,fixed
RU000A10CS83,Органик1Р2,BB,RUB,100.0,84.44,2329.0,37.9,25.76,1.58,4.94,21.75,,2028-09-03,2025-09-19,Отсутствует,Органик Парк,Сельское хозяйство,Средняя,1000.0,12,2026-10-14,отсутствует,2026-09-15,fixed
RU000A0ZYKH5,Оренб35004,AA-,RUB,1600.0,95.4,135.0,14.65,8.57,0.84,0.08,8.18,,2027-12-02,2017-12-14,Отсутствует,Оренбургская область,Субфедеральный долг,Плохая,400.0,4,2026-12-03,есть,2026-09-15,fixed
RU000A1070A3,ОхтаГрБП03,BB,RUB,500.0,99.66,634.0,19.45,14.05,0.06,0.52,14.0,,2026-10-07,2023-10-11,Отсутствует,Охта Групп,Недвижимость,Хорошая,1000.0,4,2026-10-07,отсутствует,2026-09-15,fixed
RU000A10CWF7,ПГК3Р01,AA+/AA,RUB,12000.0,100.67,183.0,16.49,15.65,1.71,0.38,15.75,,2028-09-14,2025-09-30,Отсутствует,Первая Грузовая Компания,Транспорт,Отличная,1000.0,12,2026-09-25,отсутствует,2026-09-15,fixed
RU000A10DSL1,ПГК3Р02,AA+/AA,RUB,23200.0,100.28,223.0,17.01,15.91,2.09,0.08,15.95,2029-03-26,2030-11-16,2025-12-12,Пут,Первая Грузовая Компания,Транспорт,Отличная,1000.0,12,2026-10-08,отсутствует,2026-09-15,fixed
RU000A10EYV6,ПГК3Р04,AA+/AA,RUB,20000.0,98.82,234.0,17.11,15.58,2.38,0.07,15.4,,2029-09-09,2026-04-28,Отсутствует,Первая Грузовая Компания,Транспорт,Отличная,1000.0,12,2026-09-25,отсутствует,2026-09-15,fixed
RU000A105146,ПИК К 1P5,AA- (AA-/A+),USD,395.0,98.0,833.0,17.08,5.73,0.18,-0.22,5.62,,2026-11-19,2022-08-05,Отсутствует,ПИК,Недвижимость,Не определена,1000.0,2,2026-11-19,отсутствует,2026-09-15,fixed
RU000A107WF2,ПИР 1P1,BB,RUB,38.0,98.73,1268.0,25.49,18.74,0.29,0.34,18.5,,2027-02-18,2024-03-05,Отсутствует,ПИР,Промышленность,Средняя,250.0,12,2026-09-21,есть,2026-09-15,fixed
RU000A108C17,ПИР 1P2,BB,RUB,43.0,82.38,2771.0,42.36,29.74,1.71,-0.88,24.5,,2029-03-30,2024-04-25,Отсутствует,ПИР,Промышленность,Средняя,1000.0,12,2026-10-12,есть,2026-09-15,fixed
RU000A10BP87,ПИР 1P3,BB,RUB,500.0,89.4,4003.0,53.3,33.56,0.82,-0.74,30.0,,2028-05-11,2025-05-27,Отсутствует,ПИР,Промышленность,Погранично хорошая,1000.0,12,2026-09-19,есть,2026-09-15,fixed
RU000A10C5P8,ПИР 1P4,BB,RUB,300.0,86.06,4116.0,54.6,33.12,0.96,-0.38,28.5,,2028-07-07,2025-07-23,Отсутствует,ПИР,Промышленность,Погранично хорошая,1000.0,12,2026-09-16,есть,2026-09-15,fixed
RU000A10DTP0,ПИР 1P5,BB,RUB,190.0,87.63,4236.0,55.53,30.81,0.75,-0.4,27.0,,2027-12-07,2025-12-17,Отсутствует,ПИР,Промышленность,Средняя,1000.0,12,2026-10-13,есть,2026-09-15,fixed
RU000A10F6H0,ПИР 1P6,BB,RUB,273.0,81.1,3797.0,51.85,31.44,1.23,-2.46,25.5,,2028-10-31,2026-05-15,Отсутствует,ПИР,Промышленность,Погранично хорошая,1000.0,12,2026-10-12,есть,2026-09-15,fixed
RU000A10FV85,ПИР 1P7,BB,RUB,300.0,82.16,3371.0,48.34,34.08,1.63,-0.36,28.0,,2029-07-28,2026-08-13,Отсутствует,ПИР,Промышленность,Средняя,1000.0,12,2026-10-12,есть,2026-09-15,fixed
RU000A108CC9,ПКБ 1Р-04,A/A-,RUB,1004.0,100.39,396.0,16.73,16.93,0.34,0.06,17.0,,2027-04-23,2024-04-26,Отсутствует,Первое Клиентское Бюро (ПКБ),МФО,Отличная,502.0,4,2026-10-23,есть,2026-09-15,fixed
RU000A10BGU1,ПКБ 1Р-07,A/A-,RUB,1000.0,102.07,-1291.0,0.12,24.0,0.08,-0.6,24.5,2026-10-17,2028-04-09,2025-04-25,Колл,Первое Клиентское Бюро (ПКБ),МФО,Отличная,1000.0,12,2026-09-17,есть,2026-09-15,fixed
RU000A10DJH8,ПКТ 2P1,AA/AA-,RUB,7500.0,100.8,190.0,16.6,15.86,2.52,-0.05,15.99,,2029-11-15,2025-11-20,Отсутствует,Первый контейнерный терминал,Транспорт,Отличная,1000.0,4,2026-11-19,отсутствует,2026-09-15,fixed
RU000A10E7U2,ПКФ1Р1,B,RUB,300.0,28.2,19150.0,205.23,93.97,1.14,-1.65,26.5,2028-01-31,2029-01-25,2026-02-10,Колл,Фабрикс,Промышленность,Плохая,1000.0,12,2026-10-08,отсутствует,2026-09-15,fixed
RU000A100TB2,ПНППК 1P01,,RUB,250.0,106.29,149.0,16.21,16.93,2.36,1.79,18.0,,2029-08-28,2019-09-10,Отсутствует,ПНППК,Промышленность,Плохая,1000.0,4,2026-12-01,отсутствует,2026-09-15,fixed
RU000A1022E6,ПР-Лиз 2P1,BBB+,RUB,1750.0,99.37,1022.0,22.97,19.12,0.34,0.13,19.0,2027-01-23,2029-08-10,2020-08-27,Пут,ПР-Лизинг,Лизинг,Погранично хорошая,1000.0,12,2026-09-25,отсутствует,2026-09-15,fixed
RU000A106EP1,ПР-Лиз 2P2,BBB+,RUB,1500.0,93.43,1257.0,26.42,19.27,1.21,-0.05,18.0,2028-01-28,2032-05-06,2023-06-23,Пут,ПР-Лизинг,Лизинг,Хорошая,1000.0,12,2026-10-05,отсутствует,2026-09-15,fixed
RU000A10CJ92,ПР-Лиз 2P3,BBB+,RUB,2000.0,96.89,1331.0,26.6,20.64,0.83,-0.34,20.0,2027-08-16,2035-07-05,2025-08-26,Пут,ПР-Лизинг,Лизинг,Отличная,1000.0,12,2026-09-20,отсутствует,2026-09-15,fixed
RU000A10DJY3,ПР-Лиз 3P1,BBB+,USD,13.0,94.18,1487.0,23.5,14.87,0.82,-1.04,14.0,,2028-06-28,2025-11-24,Отсутствует,ПР-Лизинг,Лизинг,Погранично хорошая,89.0,12,2026-09-28,есть,2026-09-15,fixed
RU000A10FLH9,ПР-Лиз 3P2,BBB+,RUB,1000.0,98.0,854.0,23.25,20.41,1.88,0.19,20.0,2029-01-23,2036-05-16,2026-07-08,Пут,ПР-Лизинг,Лизинг,Отличная,1000.0,12,2026-10-06,отсутствует,2026-09-15,fixed
RU000A10EXG9,ПРГРС 1Р1,AA-/BB-,RUB,250.0,84.6,2166.0,36.36,29.55,2.53,-0.97,25.0,2027-10-14,2031-03-27,2026-04-22,Колл,ПРОГРЕСС,Сельское хозяйство,Отличная,1000.0,12,2026-09-19,отсутствует,2026-09-15,fixed
RU000A10FJ08,ПРГРС БО-1,AA-/BB-,RUB,50.0,88.77,1760.0,32.34,27.04,2.7,-0.57,24.0,2027-12-18,2031-05-31,2026-06-26,Колл,ПРОГРЕСС,Сельское хозяйство,Плохая,1000.0,12,2026-09-24,отсутствует,2026-09-15,fixed
RU000A10CP78,ПСБ 4P-01,AAA,RUB,25000.0,100.08,51.0,15.17,14.24,1.72,0.09,14.25,,2028-09-05,2025-09-09,Отсутствует,Промсвязьбанк,Банки,Хорошая,1000.0,12,2026-10-04,отсутствует,2026-09-15,fixed
RU000A10ETQ6,ПСБ 4P-02,AAA,RUB,40000.0,99.87,26.0,15.06,14.07,2.14,0.17,14.05,,2029-03-29,2026-04-14,Отсутствует,Промсвязьбанк,Банки,Отличная,1000.0,12,2026-10-11,отсутствует,2026-09-15,fixed
RU000A10FJR2,ПСБ 4Р-06,AAA,RUB,17500.0,99.75,59.0,15.31,14.24,1.93,0.17,14.2,,2028-12-16,2026-06-30,Отсутствует,Промсвязьбанк,Банки,Отличная,1000.0,12,2026-09-28,отсутствует,2026-09-15,fixed
RU000A10AA10,ПСБЛизП01,AA,RUB,1000.0,102.4,81.0,13.73,24.41,0.2,-0.19,25.0,,2026-11-29,2024-12-09,Отсутствует,ПСБ Лизинг,Лизинг,Отличная,1000.0,12,2026-09-30,отсутствует,2026-09-15,fixed
RU000A108Y60,ПУБ001Р-01,BB+/BB,RUB,126.0,101.54,680.0,19.52,21.67,0.38,0.15,22.0,,2027-06-24,2024-07-09,Отсутствует,Первоуральскбанк,Банки,Хорошая,419.0,12,2026-09-27,есть,2026-09-15,fixed
RU000A10E9V6,ПУБ001Р-02,BB+/BB,RUB,281.0,100.46,903.0,22.61,20.9,1.05,0.03,21.0,,2029-01-28,2026-02-13,Отсутствует,Первоуральскбанк,Банки,Отличная,935.48,12,2026-10-11,есть,2026-09-15,fixed
RU000A10FKD0,ПУБ001Р-03,BB+/BB,RUB,230.0,100.19,660.0,20.57,18.96,1.28,0.0,19.0,,2029-06-17,2026-07-03,Отсутствует,Первоуральскбанк,Банки,Отличная,1000.0,12,2026-10-01,есть,2026-09-15,fixed
RU000A10D4S4,ПЭТ 1Р1,B,RUB,165.0,97.95,1736.0,31.39,26.54,1.32,0.24,26.0,,2028-10-05,2025-10-21,Отсутствует,ПЭТ Пласт,Промышленность,Хорошая,1000.0,12,2026-09-16,есть,2026-09-15,fixed
RU000A10EL13,ПЭТ 1Р2,B,RUB,150.0,97.75,1664.0,31.22,26.6,1.57,-0.37,26.0,2027-09-08,2029-03-01,2026-03-17,Колл,ПЭТ Пласт,Промышленность,Отличная,1000.0,12,2026-10-13,есть,2026-09-15,fixed
RU000A10ED70,ПЮЛ БО-01,,RUB,75.0,100.0,1476.0,28.07,25.0,0.83,0.32,25.0,2027-08-20,2031-01-31,2026-02-26,Пут,Первый Ювелирный Ломбард,МФО,Средняя,1000.0,12,2026-09-24,есть,2026-09-15,fixed
RU000A10EQE8,ПЮЛ БО-02,,RUB,75.0,99.97,1201.0,25.62,23.01,1.04,-0.01,23.0,2027-11-21,2031-03-05,2026-03-31,Пут,Первый Ювелирный Ломбард,МФО,Плохая,1000.0,12,2026-09-27,есть,2026-09-15,fixed
RU000A10B2D2,Патриот1Р1,BB+,RUB,300.0,97.36,1970.0,33.52,27.73,1.2,-0.34,27.0,,2028-02-26,2025-03-13,Отсутствует,Группа Патриот,Розница,Средняя,1000.0,12,2026-10-04,отсутствует,2026-09-15,fixed
RU000A10CU30,Патриот1Р2,BB+,RUB,300.0,98.42,1097.0,25.59,22.35,1.6,0.73,22.0,2027-09-16,2028-09-10,2025-09-26,Колл,Группа Патриот,Розница,Плохая,1000.0,12,2026-09-21,отсутствует,2026-09-15,fixed
RU000A10FC88,Патриот1Р3,BB+,RUB,121.0,79.9,2752.0,42.23,30.04,1.89,-0.1,24.0,,2029-05-23,2026-06-08,Отсутствует,Группа Патриот,Розница,Плохая,1000.0,12,2026-10-06,отсутствует,2026-09-15,fixed
RU000A103RL9,ПетрИнжP1,A/A-,RUB,500.0,100.0,-624.0,9.52,9.75,0.01,0.02,9.75,,2026-09-18,2021-09-24,Отсутствует,Петроинжиниринг,Нефть и Газ,Плохая,1000.0,4,2026-09-18,отсутствует,2026-09-15,fixed
RU000A104B04,Петснаб1Р1,B+,RUB,1.0,99.88,230.0,15.3,13.27,0.11,0.48,13.25,,2026-11-26,2021-12-22,Отсутствует,Петербургснаб,Лизинг,Очень плохая,72.0,12,2026-09-27,есть,2026-09-15,fixed
RU000A10DTW6,ПионЛизБО8,B+,RUB,200.0,95.7,2021.0,34.92,29.78,2.44,0.31,28.5,,2030-11-21,2025-12-17,Отсутствует,Пионер-лизинг,Лизинг,Средняя,1000.0,12,2026-10-13,отсутствует,2026-09-15,fixed
RU000A10F5F6,ПионЛизБО9,B+,RUB,145.0,87.86,2183.0,36.52,30.16,2.56,-1.17,26.5,,2031-04-18,2026-05-14,Отсутствует,Пионер-лизинг,Лизинг,Средняя,1000.0,12,2026-10-11,отсутствует,2026-09-15,fixed
RU000A102LF6,ПионЛизБП4,B+,RUB,350.0,99.55,8775.0,103.52,28.13,0.01,0.06,28.0,2026-09-18,2030-12-13,2020-12-25,Пут,Пионер-лизинг,Лизинг,Средняя,1000.0,4,2026-09-18,отсутствует,2026-09-15,fixed
RU000A10CQA0,ПолипП2Б10,A,CNY,270.0,101.0,314.0,10.21,11.83,0.46,0.0,11.95,,2027-03-06,2025-09-12,Отсутствует,Полипласт,Металлургия,Плохая,100.0,12,2026-10-07,отсутствует,2026-09-15,fixed
RU000A10CTH9,ПолипП2Б11,A,CNY,220.0,95.22,1096.0,18.03,12.02,0.94,0.22,11.45,,2027-09-15,2025-09-25,Отсутствует,Полипласт,Металлургия,Хорошая,100.0,12,2026-09-20,отсутствует,2026-09-15,fixed
RU000A10DEQ0,ПолипП2Б12,A,USD,10.0,94.38,1101.0,19.58,13.24,1.06,-0.15,12.5,,2027-11-04,2025-11-14,Отсутствует,Полипласт,Металлургия,Погранично хорошая,100.0,12,2026-10-10,отсутствует,2026-09-15,fixed
RU000A10DZK8,ПолипП2Б13,A,RUB,2750.0,102.77,468.0,18.36,18.93,1.11,0.08,19.45,,2027-12-16,2025-12-26,Отсутствует,Полипласт,Металлургия,Отличная,1000.0,12,2026-09-22,отсутствует,2026-09-15,fixed
RU000A10ECX8,ПолипП2Б14,A,USD,18.0,94.25,789.0,16.32,13.53,2.4,0.26,12.75,,2029-08-08,2026-02-25,Отсутствует,Полипласт,Металлургия,Хорошая,100.0,12,2026-09-23,отсутствует,2026-09-15,fixed
RU000A10ECW0,ПолипП2Б15,A,CNY,45.0,98.51,655.0,13.66,12.44,2.43,1.13,12.25,,2029-08-08,2026-02-25,Отсутствует,Полипласт,Металлургия,Хорошая,100.0,12,2026-09-23,отсутствует,2026-09-15,fixed
RU000A10F7V9,ПолипП2Б16,A,RUB,5000.0,99.85,421.0,19.0,17.48,2.11,0.07,17.45,,2029-05-09,2026-05-25,Отсутствует,Полипласт,Металлургия,Отличная,1000.0,12,2026-09-22,отсутствует,2026-09-15,fixed
RU000A10G122,ПолипП2Б17,A,RUB,1400.0,99.81,477.0,19.4,17.78,1.66,-0.07,17.75,,2028-08-29,2026-09-09,Отсутствует,Полипласт,Металлургия,Отличная,1000.0,12,2026-10-09,отсутствует,2026-09-15,fixed
RU000A10B4J5,ПолиплП2Б3,A,USD,58.0,97.77,1149.0,20.23,14.01,0.47,0.65,13.7,,2027-03-11,2025-03-21,Отсутствует,Полипласт,Промышленность,Отличная,100.0,12,2026-10-12,отсутствует,2026-09-15,fixed
RU000A10BFJ6,ПолиплП2Б4,A,RUB,2250.0,104.96,452.0,17.41,24.29,0.53,0.18,25.5,,2027-04-08,2025-04-18,Отсутствует,Полипласт,Металлургия,Отличная,1000.0,12,2026-10-10,отсутствует,2026-09-15,fixed
RU000A10BPN7,ПолиплП2Б5,A,RUB,7700.0,105.57,500.0,18.01,24.15,0.62,-0.09,25.5,,2027-05-19,2025-05-29,Отсутствует,Полипласт,Металлургия,Отличная,1000.0,12,2026-09-21,отсутствует,2026-09-15,fixed
RU000A10BU07,ПолиплП2Б6,A,USD,17.0,94.6,1088.0,19.44,13.69,1.13,-0.29,12.95,,2027-12-07,2025-06-20,Отсутствует,Полипласт,Металлургия,Хорошая,100.0,12,2026-10-13,отсутствует,2026-09-15,fixed
RU000A10C8A4,ПолиплП2Б8,A,CNY,500.0,97.88,1519.0,22.25,14.25,0.34,-0.11,13.95,,2027-01-22,2025-07-31,Отсутствует,Полипласт,Металлургия,Хорошая,100.0,12,2026-09-24,отсутствует,2026-09-15,fixed
RU000A10CH11,ПолиплП2Б9,A,USD,36.0,91.42,1133.0,19.87,12.31,1.29,-0.23,11.25,,2028-02-07,2025-08-21,Отсутствует,Полипласт,Металлургия,Отличная,100.0,12,2026-10-15,отсутствует,2026-09-15,fixed
RU000A1054W1,Полюс Б1P2,AAA,CNY,4600.0,96.14,126.0,8.33,3.95,0.93,-0.36,3.8,,2027-08-24,2022-08-30,Отсутствует,Полюс,Металлургия,Отличная,1000.0,2,2027-02-23,отсутствует,2026-09-15,fixed
RU000A105VC5,Полюс Б1P3,AAA,RUB,20000.0,95.17,74.0,14.8,10.93,1.33,0.11,10.4,,2028-02-11,2023-02-17,Отсутствует,Полюс,Металлургия,Отличная,1000.0,2,2027-02-12,отсутствует,2026-09-15,fixed
RU000A108L81,Полюс Б1P4,AAA,USD,150.0,93.0,116.0,9.59,6.67,2.43,-0.42,6.2,,2029-05-09,2024-06-04,Отсутствует,Полюс,Металлургия,Отличная,100.0,12,2026-09-22,отсутствует,2026-09-15,fixed
RU000A10EW44,Полюс Б1P5,AAA,USD,340.0,96.82,66.0,9.17,8.0,3.09,-0.28,7.75,2030-03-27,2031-03-22,2026-04-17,Пут,Полюс,Металлургия,Отличная,1000.0,12,2026-10-14,отсутствует,2026-09-15,fixed
RU000A10EYG7,Полюс Б1P6,AAA,CNY,2600.0,98.13,158.0,8.73,7.8,2.53,-0.27,7.65,2029-07-10,2032-03-26,2026-04-27,Пут,Полюс,Металлургия,Хорошая,1000.0,12,2026-09-24,отсутствует,2026-09-15,fixed
RU000A10FGV0,ПолюсБ1P11,AAA,CNY,1600.0,97.38,113.0,8.82,8.01,3.91,0.66,7.8,2031-05-28,2033-05-17,2026-06-23,Пут,Полюс,Металлургия,Отличная,1000.0,12,2026-09-21,отсутствует,2026-09-15,fixed
RU000A108P79,ПолюсЗО28Д,AAA,USD,451.0,88.87,100.0,9.47,3.66,1.99,-0.14,3.25,,2028-10-14,2024-06-13,Отсутствует,Полюс,Металлургия,Не определена,1000.0,2,2026-10-14,отсутствует,2026-09-15,fixed
RU000A101ZH4,ПочтаР1P10,AA-,RUB,10000.0,102.49,181.0,16.44,17.03,1.63,0.29,17.45,2028-07-25,2030-07-23,2020-08-04,Пут,Почта России,Инфраструктура,Отличная,1000.0,2,2027-01-26,отсутствует,2026-09-15,fixed
RU000A104V75,ПочтаР2P01,AA-,RUB,10000.0,96.16,495.0,18.04,11.86,0.68,-0.12,11.4,2027-06-02,2032-05-26,2022-06-08,Пут,Почта России,Инфраструктура,Отличная,1000.0,2,2026-12-02,отсутствует,2026-09-15,fixed
RU000A104W17,ПочтаР2P02,AA-,RUB,10000.0,100.42,405.0,17.76,17.43,1.13,-0.04,17.5,2027-12-14,2032-06-08,2022-06-21,Пут,Почта России,Инфраструктура,Отличная,1000.0,2,2026-12-15,отсутствует,2026-09-15,fixed
RU000A104W33,ПочтаР2P03,AA-,RUB,10000.0,89.66,337.0,17.98,11.32,1.59,-0.04,10.15,2028-06-13,2032-06-08,2022-06-21,Пут,Почта России,Инфраструктура,Хорошая,1000.0,2,2026-12-15,отсутствует,2026-09-15,fixed
RU000A1055Y4,ПочтаР2P04,AA-,RUB,20000.0,93.0,482.0,18.24,9.95,0.94,0.0,9.25,2027-09-01,2032-08-25,2022-09-07,Пут,Почта России,Инфраструктура,Отличная,1000.0,2,2027-03-03,отсутствует,2026-09-15,fixed
RU000A10D3J5,ПочтаР3P01,AA-,RUB,4770.0,102.61,228.0,16.41,16.76,1.36,0.17,17.2,,2028-04-01,2025-10-14,Отсутствует,Почта России,Инфраструктура,Отличная,1000.0,12,2026-10-09,отсутствует,2026-09-15,fixed
RU000A10EA16,ПочтаР3P03,AA-,RUB,8700.0,101.28,376.0,18.49,17.53,1.95,0.0,17.75,2029-01-28,2036-01-22,2026-02-13,Пут,Почта России,Инфраструктура,Отличная,1000.0,12,2026-10-11,отсутствует,2026-09-15,fixed
RU000A10EWL1,ПочтаР3P05,AA-,RUB,15000.0,100.25,366.0,18.42,17.11,2.06,0.0,17.15,2029-04-04,2036-03-28,2026-04-20,Пут,Почта России,Инфраструктура,Отличная,1000.0,12,2026-09-17,отсутствует,2026-09-15,fixed
RU000A10FDV7,ПочтаР3P07,AA-,RUB,7000.0,99.45,434.0,18.77,17.04,1.5,-0.01,16.95,2028-06-04,2036-05-23,2026-06-15,Пут,Почта России,Инфраструктура,Отличная,1000.0,12,2026-10-13,отсутствует,2026-09-15,fixed
RU000A0JXRD5,ПочтаРБ1P2,AA-,RUB,5000.0,100.17,230.0,15.32,15.12,0.62,-0.49,15.15,,2027-05-11,2017-05-23,Отсутствует,Почта России,Инфраструктура,Плохая,1000.0,2,2026-11-10,отсутствует,2026-09-15,fixed
RU000A0JXS59,ПочтаРБ1P3,AA-,RUB,5000.0,100.31,185.0,14.81,17.45,0.17,0.0,17.5,2026-11-18,2027-05-19,2017-05-31,Пут,Почта России,Инфраструктура,Отличная,1000.0,2,2026-11-18,отсутствует,2026-09-15,fixed
RU000A0ZZ5H3,ПочтаРБ1P4,AA-,RUB,5000.0,101.72,193.0,14.87,17.2,0.57,0.01,17.5,2027-04-26,2028-04-24,2018-05-07,Пут,Почта России,Инфраструктура,Плохая,1000.0,2,2026-10-26,отсутствует,2026-09-15,fixed
RU000A0ZZ5J9,ПочтаРБ1P5,AA-,RUB,5000.0,101.1,309.0,16.04,17.31,0.57,-0.42,17.5,2027-04-26,2028-04-24,2018-05-07,Пут,Почта России,Инфраструктура,Средняя,1000.0,2,2026-10-26,отсутствует,2026-09-15,fixed
RU000A1008Y3,ПочтаРБ1P7,AA-,RUB,5000.0,100.71,488.0,17.73,18.37,0.49,-0.14,18.5,2027-03-30,2029-03-27,2019-04-09,Пут,Почта России,Инфраструктура,Хорошая,1000.0,2,2026-09-29,отсутствует,2026-09-15,fixed
RU000A0JXMP0,ПочтаРосБ4,AA-,RUB,5000.0,109.95,-1765.0,-4.51,12.91,0.49,4.94,14.2,,2027-03-22,2017-04-03,Отсутствует,Почта России,Инфраструктура,Плохая,1000.0,2,2026-09-21,отсутствует,2026-09-15,fixed
RU000A1074N8,ПрактЛК1Р2,,RUB,210.0,100.59,-150.0,11.49,15.61,0.12,0.12,15.7,,2026-11-14,2023-10-25,Отсутствует,Практика ЛК,Лизинг,Плохая,70.0,12,2026-10-14,есть,2026-09-15,fixed
RU000A109UE5,РАТ 001-01,BB+,RUB,17.0,95.98,1770.0,31.13,23.96,0.95,1.0,23.0,,2027-10-08,2024-10-23,Отсутствует,Автоассистанс,Розница,Плохая,1000.0,12,2026-10-13,отсутствует,2026-09-15,fixed
RU000A10ANT1,РДВ ТЕХ 01,B+,RUB,250.0,86.3,14560.0,158.6,30.13,0.12,-0.26,26.0,2026-10-29,2029-07-26,2025-01-30,Колл,РДВ Технолоджи,IT,Отличная,1000.0,4,2026-10-29,отсутствует,2026-09-15,fixed
RU000A10D665,РДВ ТЕХ 02,B+,RUB,56.0,69.13,7023.0,83.64,36.16,0.93,0.08,25.0,2027-10-21,2030-04-18,2025-10-23,Пут,РДВ Технолоджи,IT,Средняя,1000.0,12,2026-10-22,отсутствует,2026-09-15,fixed
RU000A103C53,РЕСОЛиБП11,AA-,RUB,7000.0,101.82,336.0,16.51,18.27,0.73,0.32,18.6,2027-06-25,2031-06-20,2021-07-02,Пут,РЕСО-Лизинг,Лизинг,Средняя,1000.0,2,2026-12-25,отсутствует,2026-09-15,fixed
RU000A10AV23,РЕСОЛиБП16,AA-,RUB,5000.0,101.07,-32.0,12.41,14.45,0.38,1.0,14.6,2027-02-03,2034-12-23,2025-02-13,Пут,РЕСО-Лизинг,Лизинг,Плохая,1000.0,12,2026-10-06,отсутствует,2026-09-15,fixed
RU000A106DP3,РЕСОЛиБП22,AA-,RUB,14500.0,97.76,391.0,17.04,13.4,0.7,-0.23,13.1,2027-06-11,2033-06-03,2023-06-16,Пут,РЕСО-Лизинг,Лизинг,Хорошая,1000.0,2,2026-12-11,отсутствует,2026-09-15,fixed
RU000A10AHC9,РЕСОЛиБП23,AA-,RUB,5000.0,102.99,11.0,12.98,23.79,0.24,0.04,24.5,2026-12-16,2034-11-04,2024-12-26,Пут,РЕСО-Лизинг,Лизинг,Отличная,1000.0,12,2026-09-17,отсутствует,2026-09-15,fixed
RU000A108C74,РЕСОЛиБП25,AA-,RUB,5000.0,100.0,373.0,16.65,15.5,0.55,-0.16,15.5,2027-04-11,2034-03-05,2024-04-26,Пут,РЕСО-Лизинг,Лизинг,Хорошая,1000.0,12,2026-10-13,отсутствует,2026-09-15,fixed
RU000A108UR9,РЕСОЛиБП26,AA-,RUB,3000.0,102.01,394.0,17.34,18.14,0.92,-2.98,18.5,2027-09-24,2034-06-16,2024-06-28,Пут,РЕСО-Лизинг,Лизинг,Плохая,1000.0,4,2026-09-25,отсутствует,2026-09-15,fixed
RU000A1035H1,РЕСОЛизБП1,AA-,RUB,3000.0,102.38,-659.0,6.37,19.05,0.19,0.71,19.5,2026-11-23,2031-05-19,2021-05-31,Пут,РЕСО-Лизинг,Лизинг,Плохая,1000.0,2,2026-11-23,отсутствует,2026-09-15,fixed
RU000A102K39,РЕСОЛизБП8,AA-,RUB,5000.0,99.52,261.0,15.49,14.07,0.24,0.19,14.0,2026-12-14,2030-12-09,2020-12-21,Пут,РЕСО-Лизинг,Лизинг,Плохая,1000.0,2,2026-12-14,отсутствует,2026-09-15,fixed
RU000A101TT2,РЖД 1Б-01,AAA (AA+),RUB,30000.0,91.28,696.0,21.75,18.91,2.75,0.18,17.26,2030-06-14,,2020-06-26,Колл,РЖД,Транспорт,Хорошая,1000.0,2,2026-12-18,отсутствует,2026-09-15,fixed
RU000A101Y18,РЖД 1Б-02,AAA (AA+),RUB,20000.0,84.61,834.0,23.18,18.79,2.91,,15.9,2030-07-19,,2020-07-31,Колл,РЖД,Транспорт,Средняя,1000.0,2,2027-01-22,отсутствует,2026-09-15,fixed
RU000A0ZYU05,РЖД 1Р-05R,AAA,RUB,20000.0,100.14,198.0,14.71,15.28,0.4,-0.08,15.3,2027-02-09,2033-02-01,2018-02-20,Пут,РЖД,Транспорт,Отличная,1000.0,2,2027-02-09,отсутствует,2026-09-15,fixed
RU000A0ZZ4P9,РЖД 1Р-06R,AAA,RUB,15000.0,105.27,1.0,13.45,17.57,0.95,0.97,18.5,2027-10-11,2033-04-04,2018-04-23,Пут,РЖД,Транспорт,Средняя,1000.0,2,2026-10-12,отсутствует,2026-09-15,fixed
RU000A0ZZ9R4,РЖД 1Р-07R,AAA,RUB,10000.0,104.13,129.0,15.69,17.29,1.48,0.13,18.0,2028-06-01,2033-05-26,2018-06-14,Пут,РЖД,Транспорт,Средняя,1000.0,2,2026-12-03,отсутствует,2026-09-15,fixed
RU000A1007Z2,РЖД 1Р-13R,AAA,RUB,20000.0,90.44,-60.0,14.21,10.06,2.18,-0.03,9.1,,2029-03-19,2019-04-01,Отсутствует,РЖД,Транспорт,Хорошая,1000.0,2,2026-09-21,отсутствует,2026-09-15,fixed
RU000A1008D7,РЖД 1Р-14R,AAA,RUB,11000.0,87.57,70.0,15.53,10.39,2.3,-0.21,9.1,,2029-05-04,2019-04-04,Отсутствует,РЖД,Транспорт,Хорошая,1000.0,2,2026-11-06,отсутствует,2026-09-15,fixed
RU000A1009L8,РЖД 1Р-15R,AAA,RUB,15000.0,98.7,-118.0,11.7,8.92,0.54,-1.57,8.8,,2027-04-07,2019-04-17,Отсутствует,РЖД,Транспорт,Плохая,1000.0,4,2026-10-07,отсутствует,2026-09-15,fixed
RU000A101M04,РЖД 1Р-20R,AAA,RUB,15000.0,97.22,98.0,13.81,7.56,0.48,-0.06,7.35,,2027-03-15,2020-04-24,Отсутствует,РЖД,Транспорт,Отличная,1000.0,2,2026-10-16,отсутствует,2026-09-15,fixed
RU000A102QP4,РЖД 1Р-21R,AAA,RUB,20000.0,95.51,75.0,13.89,7.17,0.72,0.09,6.85,,2027-06-11,2021-02-08,Отсутствует,РЖД,Транспорт,Отличная,1000.0,2,2026-12-11,отсутствует,2026-09-15,fixed
RU000A104SX0,РЖД 1Р-24R,AAA,RUB,10000.0,99.28,51.0,13.49,11.96,0.59,0.04,11.87,,2027-04-30,2022-05-06,Отсутствует,РЖД,Транспорт,Отличная,1000.0,2,2026-10-30,отсутствует,2026-09-15,fixed
RU000A107936,РЖД 1Р-29R,AAA,RUB,45000.0,101.99,-263.0,12.48,12.31,3.29,-0.98,12.55,,2030-11-15,2023-11-24,Отсутствует,РЖД,Транспорт,Плохая,1000.0,4,2026-11-20,отсутствует,2026-09-15,fixed
RU000A107PU5,РЖД 1Р-30R,AAA,RUB,30000.0,101.23,-249.0,12.59,12.25,3.41,-8.33,12.4,,2031-02-03,2024-01-31,Отсутствует,РЖД,Транспорт,Плохая,1000.0,4,2026-10-28,отсутствует,2026-09-15,fixed
RU000A10ASY0,РЖД 1Р-34R,AAA,RUB,20000.0,113.03,-155.0,12.85,17.78,1.57,,20.1,,2028-07-03,2025-02-04,Отсутствует,РЖД,Транспорт,Очень плохая,1000.0,12,2026-09-27,отсутствует,2026-09-15,fixed
RU000A10AUE8,РЖД 1Р-36R,AAA,RUB,20000.0,111.36,13.0,14.82,17.91,1.8,0.06,19.95,,2028-11-22,2025-02-11,Отсутствует,РЖД,Транспорт,Хорошая,1000.0,12,2026-10-04,отсутствует,2026-09-15,fixed
RU000A10AZ45,РЖД 1Р-37R,AAA,RUB,28000.0,108.34,92.0,15.55,18.0,1.62,-0.01,19.5,,2028-08-24,2025-02-26,Отсутствует,РЖД,Транспорт,Отличная,1000.0,12,2026-09-19,отсутствует,2026-09-15,fixed
RU000A10AZ60,РЖД 1Р-38R,AAA,RUB,30000.0,108.4,115.0,15.83,16.51,2.61,-0.02,17.9,,2030-03-02,2025-02-26,Отсутствует,РЖД,Транспорт,Отличная,1000.0,12,2026-09-19,отсутствует,2026-09-15,fixed
RU000A10B0T2,РЖД 1Р-39R,AAA,RUB,20000.0,119.53,-297.0,11.68,14.98,2.69,9.4,17.9,2030-02-23,2035-01-28,2025-03-06,Пут,РЖД,Транспорт,Очень плохая,1000.0,12,2026-09-27,отсутствует,2026-09-15,fixed
RU000A10B115,РЖД 1Р-40R,AAA,RUB,40000.0,107.67,120.0,15.98,16.39,2.73,0.22,17.65,2030-05-10,2035-01-14,2025-03-07,Пут,РЖД,Транспорт,Отличная,1000.0,12,2026-09-28,отсутствует,2026-09-15,fixed
RU000A10B495,РЖД 1Р-41R,AAA,RUB,30000.0,104.52,105.0,15.81,16.41,2.01,-0.26,17.15,2029-03-15,2040-03-01,2025-03-20,Пут,РЖД,Транспорт,Отличная,1000.0,4,2026-09-17,отсутствует,2026-09-15,fixed
RU000A10BGF2,РЖД 1Р-42R,AAA,RUB,30000.0,105.21,122.0,16.0,16.54,2.09,0.01,17.4,2029-04-03,2040-04-05,2025-04-24,Пут,РЖД,Транспорт,Отличная,1000.0,12,2026-09-16,отсутствует,2026-09-15,fixed
RU000A10BTA6,РЖД 1Р-43R,AAA,RUB,40000.0,102.15,117.0,15.99,15.57,2.21,0.02,15.9,2029-05-28,2035-04-27,2025-06-18,Пут,РЖД,Транспорт,Отличная,1000.0,12,2026-10-11,отсутствует,2026-09-15,fixed
RU000A10C8C0,РЖД 1Р-44R,AAA,RUB,40000.0,98.18,115.0,15.91,14.21,2.04,-0.02,13.95,,2029-02-10,2025-07-31,Отсутствует,РЖД,Транспорт,Отличная,1000.0,12,2026-09-24,отсутствует,2026-09-15,fixed
RU000A10CDZ5,РЖД 1Р-45R,AAA,RUB,30000.0,98.5,66.0,15.52,14.06,2.31,0.0,13.85,,2029-06-24,2025-08-14,Отсутствует,РЖД,Транспорт,Отличная,1000.0,12,2026-10-08,отсутствует,2026-09-15,fixed
RU000A10DZW3,РЖД 1Р-50R,AAA,RUB,25000.0,100.54,152.0,16.23,15.27,2.49,-0.04,15.35,2029-11-05,2035-12-04,2025-12-26,Пут,РЖД,Транспорт,Отличная,1000.0,12,2026-09-22,отсутствует,2026-09-15,fixed
RU000A10E8P0,РЖД 1Р-51R,AAA,CNY,4000.0,96.7,200.0,9.22,7.86,2.7,-0.49,7.6,,2029-09-23,2026-02-11,Отсутствует,РЖД,Транспорт,Отличная,1000.0,12,2026-10-09,отсутствует,2026-09-15,fixed
RU000A10EN11,РЖД 1Р-52R,AAA,RUB,35000.0,98.67,142.0,16.13,14.7,2.45,-0.07,14.5,2029-10-04,2036-03-31,2026-03-24,Пут,РЖД,Транспорт,Отличная,1000.0,12,2026-09-20,отсутствует,2026-09-15,fixed
RU000A10F8P9,РЖД 1Р-53R,AAA,RUB,55000.0,88.19,121.0,16.14,12.19,2.91,0.03,10.75,,2030-04-07,2026-05-28,Отсутствует,РЖД,Транспорт,Хорошая,1000.0,12,2026-09-25,отсутствует,2026-09-15,fixed
RU000A0JXN05,РЖД Б01P1R,AAA,RUB,15000.0,104.54,144.0,15.77,17.6,1.45,0.03,18.4,2028-05-23,2032-05-18,2017-04-07,Пут,РЖД,Транспорт,Хорошая,1000.0,2,2026-11-24,отсутствует,2026-09-15,fixed
RU000A0JXQ44,РЖД Б01P2R,AAA,RUB,15000.0,98.25,211.0,16.28,14.66,1.38,-0.13,14.4,2028-04-13,2037-04-02,2017-04-27,Пут,РЖД,Транспорт,Средняя,1000.0,2,2026-10-15,отсутствует,2026-09-15,fixed
RU000A0JXR84,РЖД Б01P3R,AAA,RUB,15000.0,104.79,111.0,15.78,17.13,1.77,0.09,17.95,2028-11-02,2037-04-23,2017-05-18,Пут,РЖД,Транспорт,Средняя,1000.0,2,2026-11-05,отсутствует,2026-09-15,fixed
RU000A0JXZB2,РЖД Б01P4R,AAA,RUB,15000.0,99.18,175.0,15.72,14.62,1.28,-0.54,14.5,2028-02-03,2032-07-29,2017-08-17,Пут,РЖД,Транспорт,Средняя,1000.0,2,2027-02-04,отсутствует,2026-09-15,fixed
RU000A0JWHU2,РЖД БО-17,AAA,RUB,15000.0,82.35,65.0,15.86,11.96,3.6,0.06,9.85,2031-05-09,2041-04-26,2016-05-27,Пут,РЖД,Транспорт,Погранично плохая,1000.0,2,2026-11-13,отсутствует,2026-09-15,fixed
RU000A0JTU85,РЖД-28 обл,AAA,RUB,20000.0,104.46,128.0,15.24,17.33,1.28,-0.04,18.1,,2028-03-21,2013-04-09,Отсутствует,РЖД,Транспорт,Отличная,1000.0,2,2026-09-22,отсутствует,2026-09-15,fixed
RU000A0JUAH8,РЖД-30 обл,AAA,RUB,15000.0,101.23,116.0,15.83,15.79,1.81,-0.15,15.98,,2028-11-07,2013-11-26,Отсутствует,РЖД,Транспорт,Хорошая,1000.0,2,2026-11-10,отсутствует,2026-09-15,fixed
RU000A0JSGV0,РЖД-32 обл,AAA,RUB,10000.0,98.53,223.0,16.04,14.41,1.19,0.08,14.2,2027-12-31,2032-06-25,2012-07-20,Пут,РЖД,Транспорт,Хорошая,1000.0,2,2027-01-01,отсутствует,2026-09-15,fixed
RU000A0JX1S1,РЖД-41 обл,AAA,RUB,15000.0,102.24,-50.0,12.39,23.47,0.21,0.12,24.0,2026-12-03,2031-11-27,2016-12-15,Пут,РЖД,Транспорт,Отличная,1000.0,2,2026-12-03,отсутствует,2026-09-15,fixed
RU000A1089X5,РЖДЗО28-1Р,AAA,RUB,17351.0,89.0,162.0,15.86,7.42,1.41,0.13,6.6,,2028-03-02,2024-04-15,Отсутствует,РЖД,Транспорт,Не определена,100000.0,2,2027-03-02,отсутствует,2026-09-15,fixed
RU000A1089W7,РЖДЗО282ФР,AAA,CHF,86.0,88.55,,9.31,1.36,1.57,-0.45,1.2,,2028-04-03,2024-04-15,Отсутствует,РЖД,Транспорт,Не определена,5000.0,1,2027-04-03,отсутствует,2026-09-15,fixed
RU000A108RK0,РКС2Р4,BBB-,RUB,500.0,98.51,1102.0,24.12,20.3,0.68,0.0,20.0,,2027-06-18,2024-06-21,Отсутствует,ТД РКС-Сочи,Недвижимость,Хорошая,1000.0,4,2026-09-18,отсутствует,2026-09-15,fixed
RU000A10BQM7,РКС2Р5,,RUB,300.0,105.38,1281.0,26.91,26.57,1.35,0.16,28.0,,2028-05-20,2025-06-05,Отсутствует,ТД РКС-Сочи,Недвижимость,Хорошая,1000.0,12,2026-09-28,отсутствует,2026-09-15,fixed
RU000A10C758,РКС2Р6,,RUB,700.0,100.58,1323.0,27.58,24.86,1.46,-0.05,25.0,,2028-07-13,2025-07-29,Отсутствует,ТД РКС-Сочи,Недвижимость,Отличная,1000.0,12,2026-09-22,отсутствует,2026-09-15,fixed
RU000A10E6S8,РКС2Р7,,RUB,400.0,103.0,1254.0,27.21,25.24,1.77,0.35,26.0,,2029-01-18,2026-02-03,Отсутствует,ТД РКС-Сочи,Недвижимость,Отличная,1000.0,12,2026-10-01,отсутствует,2026-09-15,fixed
RU000A10F0X0,РКС2Р8,,RUB,600.0,100.92,1338.0,28.09,25.27,1.89,-0.88,25.5,,2029-04-13,2026-04-29,Отсутствует,ТД РКС-Сочи,Недвижимость,Отличная,1000.0,12,2026-09-26,отсутствует,2026-09-15,fixed
RU000A10G1Q1,РКС2Р9,,RUB,417.0,100.19,1192.0,26.71,23.95,2.13,0.0,24.0,,2029-08-26,2026-09-11,Отсутствует,ТД РКС-Сочи,Недвижимость,Отличная,1000.0,12,2026-10-11,отсутствует,2026-09-15,fixed
RU000A1062J1,РКСЭталон2,AAA,RUB,400.0,99.48,581.0,18.84,11.06,0.08,-0.3,11.0,,2026-11-03,2023-04-17,Отсутствует,СФО ВТБ РКС Эталон,Банки,Хорошая,40.004,12,2026-10-03,есть,2026-09-15,fixed
RU000A106ZP6,РКСЭталон3,AAA,RUB,364.0,99.42,357.0,16.33,13.58,0.34,-0.17,13.5,,2027-07-03,2023-10-17,Отсутствует,СФО ВТБ РКС Эталон,Банки,Отличная,206.795,12,2026-10-03,есть,2026-09-15,fixed
RU000A109NC4,РКСЭталон4,AAA,RUB,4408.0,105.34,-394.0,8.79,20.41,0.41,-0.03,21.5,,2027-09-01,2024-10-07,Отсутствует,СФО ВТБ РКС Эталон,Банки,Отличная,220.41,12,2026-10-01,есть,2026-09-15,fixed
RU000A10BQK1,РКСЭталон5,AAA,RUB,4524.0,106.16,-309.0,9.75,20.44,0.49,1.05,21.7,,2027-12-02,2025-06-16,Отсутствует,СФО ВТБ РКС Эталон,Банки,Средняя,361.953,12,2026-10-02,есть,2026-09-15,fixed
RU000A10CW87,РКСЭталон6,AAA,RUB,19492.0,102.39,230.0,15.36,17.58,0.66,0.19,18.0,,2028-06-04,2025-10-01,Отсутствует,СФО ВТБ РКС Эталон,Банки,Отличная,519.8,12,2026-10-04,есть,2026-09-15,fixed
RU000A10DF38,РКСЭталон7,AAA,RUB,22000.0,102.0,254.0,15.55,17.45,0.62,-0.18,17.8,,2028-04-05,2025-11-24,Отсутствует,СФО ВТБ РКС Эталон,Банки,Хорошая,517.64,12,2026-10-05,есть,2026-09-15,fixed
RU000A10ASE2,РОЛЬФ 1Р07,A-/BBB+,RUB,1600.0,102.71,668.0,19.45,25.31,0.33,-0.08,26.0,,2027-01-21,2025-01-31,Отсутствует,Рольф,Розница,Отличная,1000.0,12,2026-09-23,отсутствует,2026-09-15,fixed
RU000A10BQ60,РОЛЬФ 1Р08,A-/BBB+,RUB,1500.0,104.16,767.0,20.68,24.48,0.63,-0.16,25.5,,2027-05-23,2025-06-02,Отсутствует,Рольф,Розница,Отличная,1000.0,12,2026-09-25,отсутствует,2026-09-15,fixed
RU000A10F850,РОЛЬФ 1Р09,A-/BBB+,RUB,2000.0,100.95,629.0,20.54,19.32,1.42,0.07,19.5,,2028-05-15,2026-05-26,Отсутствует,Рольф,Розница,Отличная,1000.0,12,2026-09-23,отсутствует,2026-09-15,fixed
RU000A10DY35,РС БО-01,,RUB,1000.0,141.0,-982.0,4.86,17.02,1.82,1.01,24.0,,2028-12-19,2025-12-23,Отсутствует,Русский свет,Промышленность,Очень плохая,1000.0,4,2026-09-22,отсутствует,2026-09-15,fixed
RU000A109NM3,РСТ-01,BBB-,RUB,237.0,102.09,998.0,23.33,23.02,0.89,0.02,23.5,2026-09-20,2027-09-15,2024-09-30,Колл,РегионСпецТранс,Транспорт,Отличная,1000.0,12,2026-09-20,отсутствует,2026-09-15,fixed
RU000A0ZZ4T1,РСХБ 01Т1,AA+/AA (BB),RUB,10000.0,58.58,4206.0,56.25,15.36,1.39,0.56,9.0,2028-04-12,,2018-04-25,Колл,РСХБ,Банки,Средняя,1000.0,2,2026-10-14,отсутствует,2026-09-15,fixed
RU000A0JWV63,РСХБ 08Т1,AA+/AA,RUB,5000.0,88.21,,,16.15,0.02,-0.14,14.25,2026-09-23,,2016-10-05,Колл,РСХБ,Банки,Хорошая,1000.0,2,2026-09-23,отсутствует,2026-09-15,fixed
RU000A0ZZ505,РСХБ 09Т1,AA+/AA (BB),RUB,5000.0,58.51,4209.0,56.29,15.38,1.39,0.52,9.0,2028-04-13,,2018-04-26,Колл,РСХБ,Банки,Средняя,1000.0,2,2026-10-15,отсутствует,2026-09-15,fixed
RU000A0ZZY59,РСХБ 11В1,AA+/AA (BB),USD,50.0,78.0,1475.0,23.22,11.54,1.98,0.8,9.0,2028-12-04,,2018-12-17,Колл,РСХБ,Банки,Средняя,1000.0,2,2026-12-07,отсутствует,2026-09-15,fixed
RU000A101616,РСХБ С01Е1,AA+/AA (BB),EUR,150.0,77.8,-391.0,4.87,11.09,5.21,,8.63,2030-11-28,,2019-12-12,Колл,РСХБ,Банки,Плохая,150000.0,2,2026-12-03,отсутствует,2026-09-15,fixed
RU000A10FV44,РСХБ2Р08,AA+/AA,RUB,1345.0,101.67,-83.0,13.83,13.77,1.71,0.54,14.0,,2028-08-26,2026-08-13,Отсутствует,РСХБ,Банки,Плохая,1000.0,12,2026-10-14,отсутствует,2026-09-15,fixed
RU000A0JX2M2,РСЭКСМБ1Р1,AA+,USD,150.0,101.0,-510.0,3.64,7.92,0.24,2.93,8.0,,2026-12-10,2016-12-22,Отсутствует,Росэксимбанк,Банки,Плохая,1000.0,2,2026-12-10,отсутствует,2026-09-15,fixed
RU000A101780,РСЭКСМБ2Р1,AA+,RUB,10000.0,98.17,303.0,16.78,14.77,1.13,-5.25,14.5,2027-12-09,2029-12-06,2019-12-19,Пут,Росэксимбанк,Банки,Плохая,1000.0,2,2026-12-10,отсутствует,2026-09-15,fixed
RU000A101T56,РСЭКСМБ2Р2,AA+,RUB,10000.0,102.49,197.0,15.09,17.95,0.69,0.05,18.4,2027-06-08,2030-06-04,2020-06-16,Пут,Росэксимбанк,Банки,Плохая,1000.0,2,2026-12-08,отсутствует,2026-09-15,fixed
RU000A101UE2,РСЭКСМБ2Р3,AA+,RUB,7000.0,94.18,229.0,15.49,7.05,0.75,-0.03,6.64,2027-06-21,2030-06-17,2020-06-29,Пут,Росэксимбанк,Банки,Плохая,1000.0,2,2026-12-21,отсутствует,2026-09-15,fixed
RU000A10CSD0,РУСАЛ 1Р15,A+,CNY,1900.0,99.85,76.0,7.83,7.26,0.48,0.56,7.25,,2027-03-13,2025-09-19,Отсутствует,РУСАЛ,Металлургия,Отличная,1000.0,12,2026-10-14,отсутствует,2026-09-15,fixed
RU000A1089K2,РУСАЛ 1Р7,A+,CNY,900.0,100.13,-136.0,5.71,7.89,0.06,0.43,7.9,,2026-10-09,2024-04-12,Отсутствует,РУСАЛ,Металлургия,Отличная,1000.0,4,2026-10-09,отсутствует,2026-09-15,fixed
RU000A1094G0,РУСАЛ 1Р8,A+,USD,85.0,100.98,-30.0,8.32,9.16,0.84,0.44,9.25,,2027-08-01,2024-07-30,Отсутствует,РУСАЛ,Металлургия,Хорошая,100.0,4,2026-10-27,отсутствует,2026-09-15,fixed
RU000A105104,РУСАЛ БО05,A+,CNY,2000.0,100.06,125.0,8.32,8.25,0.84,-0.04,8.25,,2027-07-28,2022-08-03,Отсутствует,РУСАЛ,Металлургия,Отличная,1000.0,2,2027-01-27,отсутствует,2026-09-15,fixed
RU000A105112,РУСАЛ БО06,A+,CNY,2000.0,100.04,137.0,8.34,8.25,0.85,0.17,8.25,,2027-07-28,2022-08-03,Отсутствует,РУСАЛ,Металлургия,Отличная,1000.0,2,2027-01-27,отсутствует,2026-09-15,fixed
RU000A10FWP9,РУССОЙЛ-02,BB+,RUB,13.0,98.98,1008.0,24.81,22.48,1.95,0.08,22.25,2028-02-11,2029-08-04,2026-08-20,Колл,Руссойл,Нефть и Газ,Плохая,1000.0,4,2026-11-18,есть,2026-09-15,fixed
RU000A10A851,РФ ЗО 27 Д,AAA,USD,1772.0,93.25,559.0,14.24,4.56,0.76,-4.75,4.25,,2027-06-23,2024-12-05,Отсутствует,Россия,Cуверенный долг (РФ),Не определена,200000.0,2,2026-12-23,отсутствует,2026-09-15,fixed
RU000A10A828,РФ ЗО 27 Е,AAA,EUR,979.0,92.15,-132.0,8.31,1.22,1.18,0.0,1.12,,2027-11-20,2024-12-05,Отсутствует,Россия,Cуверенный долг (РФ),Не определена,100000.0,1,2026-11-20,отсутствует,2026-09-15,fixed
RU000A10A869,РФ ЗО 28 Д,AAA,USD,2023.0,107.8,-43.0,8.08,11.83,1.61,0.24,12.75,,2028-06-24,2024-12-05,Отсутствует,Россия,Cуверенный долг (РФ),Не определена,1000.0,2,2026-12-24,отсутствует,2026-09-15,fixed
RU000A10A8A6,РФ ЗО 29 Д,AAA,USD,2501.0,91.0,16.0,8.59,4.81,2.35,1.06,4.38,,2029-03-21,2024-12-05,Отсутствует,Россия,Cуверенный долг (РФ),Не определена,200000.0,2,2026-09-21,отсутствует,2026-09-15,fixed
RU000A10A8E8,РФ ЗО 30 Д,AAA,USD,5767.0,98.8,-9.0,8.42,7.59,1.6,-0.45,7.5,,2030-03-31,2024-12-05,Отсутствует,Россия,Cуверенный долг (РФ),Очень плохая,0.040002,2,2026-09-30,есть,2026-09-15,fixed
RU000A10A836,РФ ЗО 32 Е,AAA,EUR,1026.0,66.01,-21.0,9.31,2.8,5.7,-0.22,1.85,,2032-11-20,2024-12-05,Отсутствует,Россия,Cуверенный долг (РФ),Не определена,100000.0,1,2026-11-20,отсутствует,2026-09-15,fixed
RU000A10A7Y8,РФ ЗО 35 Д,AAA,USD,2873.0,76.5,-4.0,9.33,6.67,6.56,-0.5,5.1,,2035-03-28,2024-12-05,Отсутствует,Россия,Cуверенный долг (РФ),Не определена,200000.0,2,2026-09-28,отсутствует,2026-09-15,fixed
RU000A10A893,РФ ЗО 36 Е,AAA,EUR,752.0,57.74,-1.0,9.51,4.59,8.17,-0.06,2.65,,2036-05-27,2024-12-05,Отсутствует,Россия,Cуверенный долг (РФ),Не определена,100000.0,1,2027-05-27,отсутствует,2026-09-15,fixed
RU000A10A802,РФ ЗО 42 Д,AAA,USD,1218.0,68.77,,9.74,8.17,9.08,0.06,5.62,,2042-04-04,2024-12-05,Отсутствует,Россия,Cуверенный долг (РФ),Не определена,200000.0,2,2026-10-04,отсутствует,2026-09-15,fixed
RU000A10A877,РФ ЗО 43 Д,AAA,USD,701.0,69.69,,9.73,8.44,9.68,-0.31,5.88,,2043-09-16,2024-12-05,Отсутствует,Россия,Cуверенный долг (РФ),Не определена,200000.0,2,2026-09-16,отсутствует,2026-09-15,fixed
RU000A10A844,РФ ЗО 47 Д,AAA,USD,2651.0,63.28,,9.48,8.3,10.55,0.33,5.25,,2047-06-23,2024-12-05,Отсутствует,Россия,Cуверенный долг (РФ),Не определена,200000.0,2,2026-12-23,отсутствует,2026-09-15,fixed
RU000A1075R6,РегПрод1Р4,B-,RUB,100.0,98.24,3578.0,48.82,19.34,0.08,0.79,19.0,,2026-10-17,2023-11-02,Отсутствует,Регион-Продукт,Розница,Средняя,1000.0,12,2026-09-17,отсутствует,2026-09-15,fixed
RU000A10BLP1,РегПродБ01,B-,RUB,70.0,103.23,1576.0,28.74,30.03,0.59,1.35,31.0,2027-05-10,2028-05-04,2025-05-20,Колл,Регион-Продукт,Розница,Средняя,1000.0,12,2026-10-12,отсутствует,2026-09-15,fixed
RU000A10FD46,РедСофт2P6,BBB+,RUB,450.0,102.38,177.0,16.39,16.36,1.61,0.29,16.75,,2028-12-26,2026-06-10,Отсутствует,Ред Софт,IT,Отличная,1000.0,12,2026-10-08,есть,2026-09-15,fixed
RU000A105LS2,Реиннол1P2,BB-,RUB,40.0,99.38,790.0,20.77,18.11,0.23,0.3,18.0,,2026-12-08,2022-12-13,Отсутствует,Реиннольц,Промышленность,Средняя,400.0,4,2026-12-08,есть,2026-09-15,fixed
RU000A10DPT0,Реиннол1P4,BB-,RUB,250.0,66.12,4332.0,57.96,36.3,1.69,-0.74,24.0,,2030-11-28,2025-12-04,Отсутствует,Реиннольц,Промышленность,Средняя,1000.0,4,2026-12-03,есть,2026-09-15,fixed
RU000A10F6V1,Реиннол1P5,BB-,RUB,71.0,68.0,3984.0,54.54,37.5,1.86,0.0,25.5,,2031-05-13,2026-05-19,Отсутствует,Реиннольц,Промышленность,Плохая,1000.0,4,2026-11-17,есть,2026-09-15,fixed
RU000A1082M3,Рекорд01,,RUB,169.0,90.07,8369.0,96.58,22.2,0.22,-0.86,20.0,2026-12-06,2027-03-06,2024-03-21,Пут,Рекорд Трейд,Розница,Средняя,1000.0,12,2026-10-07,отсутствует,2026-09-15,fixed
BYM000001818,РесБел 331,,USD,240.0,99.8,377.0,8.02,7.64,0.77,0.28,7.62,,2027-06-29,2024-12-27,Отсутствует,Белоруссия,Cуверенный долг (другие страны),Средняя,1000.0,2,2026-12-29,отсутствует,2026-09-15,fixed
BYM000001925,РесБел 335,,USD,244.0,103.61,77.0,5.53,6.16,3.94,0.31,6.38,,2031-02-24,2025-02-24,Отсутствует,Белоруссия,Cуверенный долг (другие страны),Не определена,1000.0,2,2027-02-24,отсутствует,2026-09-15,fixed
BYM000001941,РесБел 336,,USD,149.0,102.4,77.0,5.5,6.05,3.16,1.3,6.2,,2030-02-28,2025-02-28,Отсутствует,Белоруссия,Cуверенный долг (другие страны),Не определена,1000.0,2,2027-02-28,отсутствует,2026-09-15,fixed
RU000A105M59,Роделен1P3,BBB,RUB,105.0,98.0,1224.0,25.16,19.39,0.55,-0.04,19.0,,2027-11-19,2022-12-15,Отсутствует,Роделен,Лизинг,Отличная,418.3,12,2026-09-25,есть,2026-09-15,fixed
RU000A105SK4,Роделен1P4,BBB,RUB,133.0,98.94,1260.0,25.31,20.21,0.39,0.14,20.0,2027-03-11,2028-01-05,2023-01-31,Пут,Роделен,Лизинг,Отличная,533.8,12,2026-10-12,есть,2026-09-15,fixed
RU000A107076,Роделен2P1,BBB,RUB,750.0,99.5,2998.0,44.93,22.61,0.02,-0.12,22.5,2026-09-24,2028-09-13,2023-10-10,Пут,Роделен,Лизинг,Отличная,1000.0,12,2026-09-24,отсутствует,2026-09-15,fixed
RU000A107SA1,Роделен2P2,BBB,RUB,850.0,92.37,1894.0,31.96,17.32,0.63,0.26,16.0,,2028-01-23,2024-02-13,Отсутствует,Роделен,Лизинг,Отличная,850.0,12,2026-09-30,есть,2026-09-15,fixed
RU000A10B2F7,Роделен2P3,BBB,RUB,1000.0,98.5,1556.0,29.99,25.89,1.5,-0.25,25.5,,2030-02-15,2025-03-13,Отсутствует,Роделен,Лизинг,Отличная,1000.0,12,2026-10-04,есть,2026-09-15,fixed
RU000A10EQD0,Роделен2P5,BBB,RUB,500.0,93.59,1341.0,28.2,23.51,2.13,-0.59,22.0,2028-03-20,2031-03-05,2026-03-31,Колл,Роделен,Лизинг,Погранично хорошая,1000.0,12,2026-09-27,есть,2026-09-15,fixed
RU000A10FJ65,Роделен2P6,BBB,RUB,322.0,88.3,2413.0,37.77,23.78,1.09,-1.78,21.0,2027-12-18,2031-05-31,2026-06-26,Пут,Роделен,Лизинг,Средняя,1000.0,12,2026-09-24,есть,2026-09-15,fixed
RU000A103QL1,Росагрл1Р3,AA/AA-,RUB,9000.0,100.0,-779.0,8.11,8.45,0.0,0.03,8.45,,2026-09-16,2021-09-22,Отсутствует,Росагролизинг,Лизинг,Хорошая,1000.0,2,2026-09-16,отсутствует,2026-09-15,fixed
RU000A10CM14,Росинтер01,BB,RUB,500.0,83.6,7998.0,92.75,30.5,0.43,-0.5,25.5,2027-02-26,2028-08-25,2025-08-29,Пут,Росинтер,Розница,Средняя,1000.0,4,2026-11-27,отсутствует,2026-09-15,fixed
RU000A10DD97,Росинтер02,BB,RUB,547.0,77.28,7842.0,91.4,31.06,0.6,-0.39,24.0,2027-05-10,2028-11-06,2025-11-10,Пут,Росинтер,Розница,Средняя,1000.0,12,2026-11-09,отсутствует,2026-09-15,fixed
RU000A0JX355,Роснфт1P2,AAA,RUB,30000.0,99.57,-322.0,9.66,8.03,0.24,-0.28,8.0,,2026-12-11,2016-12-23,Отсутствует,Роснефть,Нефть и Газ,Плохая,1000.0,2,2026-12-11,отсутствует,2026-09-15,fixed
RU000A0JXQK2,Роснфт1P4,AAA,RUB,40000.0,97.78,41.0,13.36,9.2,0.58,0.04,9.0,,2027-04-22,2017-05-04,Отсутствует,Роснефть,Нефть и Газ,Отличная,1000.0,2,2026-10-22,отсутствует,2026-09-15,fixed
RU000A101SF3,Роснфт2P10,AAA,RUB,15000.0,96.75,39.0,13.49,8.27,0.69,0.0,8.0,2027-06-02,2030-05-29,2020-06-10,Пут,Роснефть,Нефть и Газ,Плохая,1000.0,4,2026-12-02,отсутствует,2026-09-15,fixed
RU000A103FC3,Роснфт2P11,AAA,USD,2500.0,100.0,-271.0,5.05,5.0,0.84,,5.0,2027-07-16,2031-07-11,2021-07-23,Пут,Роснефть,Нефть и Газ,Очень плохая,1000.0,2,2027-01-15,отсутствует,2026-09-15,fixed
RU000A1057S2,Роснфт2P12,AAA,CNY,15000.0,99.59,-1.0,7.06,6.53,0.98,,6.5,2027-09-14,2032-09-07,2022-09-20,Пут,Роснефть,Нефть и Газ,Отличная,1000.0,2,2027-03-16,отсутствует,2026-09-15,fixed
RU000A105ZC6,Роснфт2P13,AAA,CNY,15000.0,107.5,-1468.0,-7.43,6.05,0.5,4.38,6.5,2027-03-15,2033-03-07,2023-03-20,Пут,Роснефть,Нефть и Газ,Плохая,1000.0,2,2027-03-15,отсутствует,2026-09-15,fixed
RU000A0ZYLG5,Роснфт2P3,AAA,RUB,30000.0,100.97,79.0,14.5,14.81,1.13,0.11,14.95,,2027-12-09,2017-12-21,Отсутствует,Роснефть,Нефть и Газ,Отличная,1000.0,2,2026-12-10,отсутствует,2026-09-15,fixed
RU000A0ZYT40,Роснфт2P4,AAA,RUB,50000.0,97.7,144.0,14.15,8.19,0.39,0.0,8.0,2027-02-04,2028-02-03,2018-02-15,Пут,Роснефть,Нефть и Газ,Хорошая,1000.0,2,2027-02-04,отсутствует,2026-09-15,fixed
RU000A0ZYVU5,Роснфт2P5,AAA,RUB,20000.0,94.03,9.0,14.21,9.57,1.36,-0.14,9.0,,2028-02-18,2018-03-02,Отсутствует,Роснефть,Нефть и Газ,Средняя,1000.0,2,2027-02-19,отсутствует,2026-09-15,fixed
RU000A1008P1,Роснфт2P6,AAA,RUB,10000.0,95.01,-303.0,11.79,9.47,2.23,-1.49,9.0,,2029-03-23,2019-04-05,Отсутствует,Роснефть,Нефть и Газ,Плохая,1000.0,4,2026-09-25,отсутствует,2026-09-15,fixed
RU000A100KY3,Роснфт2P8,AAA,RUB,25000.0,90.56,-115.0,13.56,9.94,2.47,-0.05,9.0,,2029-07-02,2019-07-15,Отсутствует,Роснефть,Нефть и Газ,Плохая,1000.0,2,2027-01-04,отсутствует,2026-09-15,fixed
RU000A100YQ0,Роснфт2P9,AAA,RUB,25000.0,93.57,-270.0,12.02,9.62,2.66,-0.01,9.0,,2029-10-11,2019-10-24,Отсутствует,Роснефть,Нефть и Газ,Плохая,1000.0,4,2026-10-15,отсутствует,2026-09-15,fixed
RU000A10A125,Роснфт4P3,AAA,RUB,684000.0,101.45,-1283.0,0.32,7.89,0.19,,8.0,2026-11-09,2034-10-30,2024-11-11,Пут,Роснефть,Нефть и Газ,Очень плохая,1000.0,2,2026-11-09,отсутствует,2026-09-15,fixed
RU000A10BT34,Россет1Р17,AAA,RUB,15000.0,102.39,17.0,13.27,15.63,0.69,-0.03,16.0,,2027-06-07,2025-06-17,Отсутствует,Россети (ФСК),Инфраструктура,Отличная,1000.0,12,2026-10-10,отсутствует,2026-09-15,fixed
RU000A105PH6,Россети1Р7,AAA,RUB,30000.0,97.48,107.0,14.22,10.26,0.73,-0.06,10.0,2027-06-22,2037-12-08,2022-12-27,Пут,Россети (ФСК),Инфраструктура,Средняя,1000.0,4,2026-09-22,отсутствует,2026-09-15,fixed
RU000A0JXPN8,Ростел1P2R,AAA,RUB,10000.0,103.6,25.0,13.15,18.82,0.53,0.11,19.5,,2027-04-14,2017-04-26,Отсутствует,Ростелеком,Телекоммуникации,Средняя,1000.0,2,2026-10-14,отсутствует,2026-09-15,fixed
RU000A0ZYG52,Ростел1P3R,AAA,RUB,10000.0,100.24,39.0,13.98,13.77,1.05,0.24,13.8,,2027-11-09,2017-11-21,Отсутствует,Ростелеком,Телекоммуникации,Средняя,1000.0,2,2026-11-10,отсутствует,2026-09-15,fixed
RU000A0ZYYE3,Ростел1P4R,AAA,RUB,10000.0,99.92,131.0,14.12,14.01,0.47,0.14,14.0,2027-03-05,2028-03-03,2018-03-16,Пут,Ростелеком,Телекоммуникации,Хорошая,1000.0,2,2027-03-05,отсутствует,2026-09-15,fixed
RU000A100881,Ростел1P5R,AAA,RUB,15000.0,99.74,138.0,14.78,14.04,0.92,-0.01,14.0,2027-09-22,2029-03-21,2019-04-03,Пут,Ростелеком,Телекоммуникации,Хорошая,1000.0,2,2026-09-23,отсутствует,2026-09-15,fixed
RU000A101FG8,Ростел2P2R,AAA,RUB,15000.0,97.47,45.0,13.18,6.82,0.41,0.03,6.65,,2027-02-10,2020-02-19,Отсутствует,Ростелеком,Телекоммуникации,Отличная,1000.0,2,2027-02-10,отсутствует,2026-09-15,fixed
RU000A10F8T1,Ростел3P01,AAA,RUB,20000.0,74.89,52.0,15.31,5.14,2.75,0.0,3.85,,2029-08-23,2026-05-28,Отсутствует,Ростелеком,Телекоммуникации,Отличная,1000.0,4,2026-11-26,отсутствует,2026-09-15,fixed
RU000A10B214,РостелP15R,AAA,RUB,15000.0,102.39,141.0,14.18,18.31,0.44,-0.06,18.75,,2027-03-02,2025-03-12,Отсутствует,Ростелеком,Телекоммуникации,Отличная,1000.0,12,2026-10-03,отсутствует,2026-09-15,fixed
RU000A10BG13,РостелP16R,AAA,RUB,15000.0,102.77,43.0,13.34,17.17,0.55,0.31,17.65,,2027-04-12,2025-04-22,Отсутствует,Ростелеком,Телекоммуникации,Отличная,1000.0,12,2026-10-14,отсутствует,2026-09-15,fixed
RU000A10BSL5,РостелP17R,AAA,RUB,15000.0,102.99,80.0,14.24,16.02,0.96,0.14,16.5,,2027-09-29,2025-06-11,Отсутствует,Ростелеком,Телекоммуникации,Отличная,1000.0,12,2026-10-04,отсутствует,2026-09-15,fixed
RU000A10CMD3,РостелP19R,AAA,RUB,20000.0,99.6,104.0,14.59,13.35,1.02,0.0,13.3,,2027-10-22,2025-09-02,Отсутствует,Ростелеком,Телекоммуникации,Отличная,1000.0,12,2026-09-27,отсутствует,2026-09-15,fixed
RU000A10E739,РостелP22R,AAA,RUB,15000.0,100.98,48.0,15.1,14.61,1.62,0.01,14.75,,2028-07-23,2026-02-04,Отсутствует,Ростелеком,Телекоммуникации,Отличная,1000.0,12,2026-10-02,отсутствует,2026-09-15,fixed
RU000A10EBE0,РостелP23R,AAA,RUB,20000.0,100.94,77.0,14.72,14.41,1.27,0.01,14.55,,2028-02-08,2026-02-18,Отсутствует,Ростелеком,Телекоммуникации,Отличная,1000.0,12,2026-09-16,отсутствует,2026-09-15,fixed
RU000A10EN60,РостелP24R,AAA,RUB,15000.0,100.09,90.0,14.74,13.89,1.21,-0.48,13.9,,2028-01-14,2026-03-25,Отсутствует,Ростелеком,Телекоммуникации,Отличная,1000.0,12,2026-09-21,отсутствует,2026-09-15,fixed
RU000A10ETL7,РостелP25R,AAA,RUB,15000.0,99.44,78.0,15.0,13.73,1.4,0.06,13.65,,2028-04-03,2026-04-14,Отсутствует,Ростелеком,Телекоммуникации,Отличная,1000.0,12,2026-10-11,отсутствует,2026-09-15,fixed
RU000A10FNL7,РостелP28R,AAA,RUB,15000.0,100.57,108.0,14.9,14.37,1.2,-0.01,14.45,2028-01-06,2031-06-19,2026-07-15,Пут,Ростелеком,Телекоммуникации,Отличная,1000.0,12,2026-10-13,отсутствует,2026-09-15,fixed
RU000A1079H9,РоялКапБ10,,RUB,150.0,2.1,,,761.9,3.53,-0.16,16.0,,2026-11-24,2023-11-28,Отсутствует,Роял Капитал,Лизинг,Погранично плохая,1000.0,4,2026-11-24,отсутствует,2026-09-15,fixed
RU000A10BB83,РоялКапБ2,,RUB,150.0,1.55,,,2000.0,0.1,-0.06,31.0,2027-03-31,2028-03-25,2025-04-10,Колл,Роял Капитал,Лизинг,Погранично плохая,1000.0,12,2026-10-02,отсутствует,2026-09-15,fixed
RU000A10CN47,РоялКапБ3,,RUB,100.0,1.67,,,1736.53,0.1,0.02,29.0,,2028-08-20,2025-09-05,Отсутствует,Роял Капитал,Лизинг,Погранично плохая,1000.0,12,2026-09-30,отсутствует,2026-09-15,fixed
RU000A107YT9,Рубеж 1P2,,RUB,500.0,65.76,3334.0,48.05,28.13,1.91,-0.51,18.5,,2029-03-06,2024-03-12,Отсутствует,Агрофирма Рубеж,Сельское хозяйство,Средняя,1000.0,4,2026-12-08,отсутствует,2026-09-15,fixed
RU000A10CC24,РусГид2Р07,AAA,RUB,50000.0,99.2,69.0,15.32,13.96,1.64,-0.05,13.85,,2028-07-26,2025-08-11,Отсутствует,Русгидро,Инфраструктура,Отличная,1000.0,12,2026-10-05,отсутствует,2026-09-15,fixed
RU000A10D3C0,РусГид2Р08,AAA,RUB,30000.0,101.84,72.0,15.39,15.17,1.76,0.06,15.45,,2028-09-28,2025-10-14,Отсутствует,Русгидро,Инфраструктура,Отличная,1000.0,12,2026-10-09,отсутствует,2026-09-15,fixed
RU000A10BNF8,РусГидБП13,AAA,RUB,15000.0,103.48,77.0,14.07,16.77,0.84,-0.16,17.35,,2027-08-11,2025-05-23,Отсутствует,Русгидро,Инфраструктура,Отличная,1000.0,12,2026-10-15,отсутствует,2026-09-15,fixed
RU000A10FUM0,РусУдоб1Р1,AA-,CNY,700.0,97.9,406.0,11.12,9.14,1.3,-2.1,8.95,2028-02-02,2031-07-16,2026-08-11,Пут,Еврохим,Удобрения,Отличная,1000.0,12,2026-10-10,отсутствует,2026-09-15,fixed
RU000A1097T6,СБ СекьюрА,AAA,RUB,1971.0,101.5,438.0,17.11,19.7,0.37,-0.39,20.0,,2027-07-26,2024-08-30,Отсутствует,СФО СБ Секьюритизация,Банки,Отличная,207.52,12,2026-09-26,есть,2026-09-15,fixed
RU000A10DD30,СБСекр3А1,AAA,RUB,10574.0,100.41,278.0,15.72,16.43,0.57,-0.03,16.5,,2028-03-26,2025-11-28,Отсутствует,СФО СБ Секьюритизация 3,Банки,Отличная,597.42,12,2026-09-26,есть,2026-09-15,fixed
RU000A10EK48,СБСекр4АС,AAA,RUB,17785.0,99.83,-1630.0,-3.27,15.53,0.63,0.07,15.5,,2027-11-26,2026-03-30,Отсутствует,СФО СБ Секьюритизация 4,,Хорошая,783.5,12,2026-09-26,есть,2026-09-15,fixed
RU000A10BQR6,СБСекьюр2А,AAA,RUB,3841.0,103.04,209.0,14.91,19.7,0.48,0.23,20.3,,2027-11-26,2025-06-30,Отсутствует,СФО СБ Секьюритизация 2,Банки,Отличная,352.407,12,2026-09-26,есть,2026-09-15,fixed
RU000A10FHT2,СГ Рус1P2,BB-,RUB,200.0,101.72,242.0,15.62,16.71,0.71,0.23,17.0,,2027-06-20,2026-06-25,Отсутствует,Стеллар Групп,Розница,Плохая,1000.0,12,2026-09-23,отсутствует,2026-09-15,fixed
RU000A102SM7,СДЭКГлБП01,,RUB,100.0,98.63,207.0,14.87,9.63,0.31,-0.02,9.5,,2027-02-24,2021-02-25,Отсутствует,СДЭК Глобал,Розница,Погранично хорошая,200.0,12,2026-09-27,есть,2026-09-15,fixed
RU000A107GT6,СЕЛЛСерв1,BB,RUB,231.0,94.17,4211.0,54.91,25.49,0.3,-0.32,24.0,2027-01-09,2027-12-05,2023-12-26,Пут,Селл-Сервис,Розница,Средняя,925.0,12,2026-10-11,есть,2026-09-15,fixed
RU000A10FEX1,СЕРГВ 1Р1,BB-,RUB,50.0,85.63,1705.0,31.92,26.86,2.84,-0.32,23.0,2027-12-09,2031-05-22,2026-06-17,Колл,Сергиевское,Сельское хозяйство,Плохая,1000.0,4,2026-12-14,отсутствует,2026-09-15,fixed
RU000A1084N7,СЕРГВ БО-1,BB-,RUB,75.0,97.71,1961.0,32.46,20.47,0.25,-0.14,20.0,,2027-03-26,2024-03-29,Отсутствует,Сергиевское,Сельское хозяйство,Средняя,750.0,2,2026-09-25,есть,2026-09-15,fixed
RU000A10E5Y8,СЕРГВ БО-2,BB-,RUB,150.0,94.24,2028.0,34.0,26.53,1.13,-0.4,25.0,2028-01-17,2035-12-06,2026-01-27,Пут,Сергиевское,Сельское хозяйство,Отличная,1000.0,4,2026-10-24,отсутствует,2026-09-15,fixed
RU000A10B7S9,СЗА БО-02,BB-,RUB,100.0,103.6,1039.0,23.22,27.51,0.48,0.05,28.5,2027-03-23,2028-03-17,2025-04-02,Колл,Служба Защиты Активов,МФО,Хорошая,1000.0,12,2026-09-24,отсутствует,2026-09-15,fixed
RU000A10CCB8,СЗА БО-03,BB-,RUB,100.0,100.47,1327.0,27.68,24.88,1.5,0.06,25.0,2027-08-02,2028-07-27,2025-08-12,Колл,Служба Защиты Активов,МФО,Отличная,1000.0,12,2026-10-06,отсутствует,2026-09-15,fixed
RU000A10D3T4,СЗА БО-04,BB-,RUB,100.0,100.47,411.0,17.2,24.39,0.07,-0.04,24.5,2026-10-10,2028-09-29,2025-10-15,Колл,Служба Защиты Активов,МФО,Хорошая,1000.0,12,2026-10-10,отсутствует,2026-09-15,fixed
RU000A10DJS5,СЗА БО-05,BB-,RUB,250.0,100.79,1348.0,28.1,25.3,1.64,0.1,25.5,2027-05-15,2028-11-05,2025-11-21,Колл,Служба Защиты Активов,МФО,Отличная,1000.0,12,2026-09-17,отсутствует,2026-09-15,fixed
RU000A10EC48,СЗА БО-06,BB-,RUB,145.0,100.95,1337.0,28.04,25.26,1.78,-0.22,25.5,2027-08-13,2031-01-24,2026-02-19,Колл,Служба Защиты Активов,МФО,Отличная,1000.0,12,2026-09-17,отсутствует,2026-09-15,fixed
RU000A10EV52,СЗА БО-07,BB-,RUB,100.0,100.95,1335.0,28.06,25.26,1.89,0.23,25.5,2027-10-07,2029-03-30,2026-04-15,Колл,Служба Защиты Активов,МФО,Отличная,1000.0,12,2026-10-12,отсутствует,2026-09-15,fixed
RU000A10FZQ0,СЗА БО-08,BB-,RUB,128.0,100.04,1327.0,28.05,24.99,2.08,-0.04,25.0,2028-02-24,2029-08-17,2026-09-02,Колл,Служба Защиты Активов,МФО,Отличная,1000.0,12,2026-10-02,отсутствует,2026-09-15,fixed
RU000A10EPV4,СИМПЛСК1Р2,BBB-,RUB,700.0,95.99,1315.0,27.1,21.88,1.28,-0.4,21.0,2028-03-16,2036-02-03,2026-03-27,Пут,Симпл Солюшнз Кэпитал,Лизинг,Отличная,1000.0,12,2026-09-23,отсутствует,2026-09-15,fixed
RU000A1085A1,СИНАРАБ1,,RUB,1000.0,99.99,341.0,16.33,15.2,0.55,0.99,15.2,,2027-04-11,2024-04-26,Отсутствует,Синара Капитал,Банки,Плохая,1000.0,12,2026-10-13,отсутствует,2026-09-15,fixed
RU000A107GV2,СКЛиз1Р01,,RUB,1000.0,100.97,74.0,13.61,16.59,0.26,0.47,16.75,,2026-12-22,2023-12-26,Отсутствует,ЛК Эволюция,Лизинг,Отличная,1000.0,4,2026-09-22,отсутствует,2026-09-15,fixed
RU000A10C873,СКСЛомбБ01,,RUB,100.0,100.96,1609.0,28.83,28.23,0.33,-1.04,28.5,2027-01-22,2028-07-15,2025-07-31,Колл,СКС Ломбард,МФО,Средняя,1000.0,12,2026-09-24,отсутствует,2026-09-15,fixed
RU000A10CST6,СКСЛомбБ02,,RUB,250.0,100.27,1591.0,30.38,26.93,1.52,-0.72,27.0,2027-03-16,2028-09-06,2025-09-22,Колл,СКС Ломбард,МФО,Хорошая,1000.0,12,2026-09-17,отсутствует,2026-09-15,fixed
RU000A10F8R5,СКСЛомбБ03,,RUB,31.0,98.58,987.0,24.62,21.81,2.02,0.02,21.5,2027-11-19,2029-05-12,2026-05-28,Колл,СКС Ломбард,МФО,Средняя,1000.0,12,2026-09-25,отсутствует,2026-09-15,fixed
RU000A10DJV9,СКФ 1Р2,AAA,USD,200.0,94.57,158.0,10.0,7.98,2.76,-0.34,7.55,,2029-10-31,2025-11-21,Отсутствует,Совкомфлот,Транспорт,Отличная,1000.0,12,2026-09-17,отсутствует,2026-09-15,fixed
RU000A105A87,СКФ ЗО2028,AAA,USD,383.0,91.56,134.0,9.86,4.2,1.55,-0.44,3.85,,2028-04-26,2022-10-11,Отсутствует,Совкомфлот,Транспорт,Не определена,1000.0,2,2026-10-26,отсутствует,2026-09-15,fixed
RU000A10G0Z4,СКФинтех_А,AAA,RUB,1000.0,100.0,386.0,18.36,17.0,1.53,0.0,17.0,2028-09-25,2028-11-25,2026-09-08,Колл,СФО Свой Капитал - Финтех,,Отличная,1000.0,12,2026-11-25,есть,2026-09-15,fixed
RU000A106UA9,СМАК БП02,,RUB,48.0,91.29,1806.0,31.14,15.34,0.68,2.53,14.0,,2027-08-17,2023-09-07,Отсутствует,Смак,Розница,Плохая,800.0,12,2026-09-21,есть,2026-09-15,fixed
RU000A107A93,СНХТ БО-03,B,RUB,223.0,99.89,1520.0,28.28,25.03,0.68,0.88,25.0,2026-11-14,2028-11-03,2023-11-30,Колл,Сибнефтехимтрейд,Нефть и Газ,Средняя,1000.0,12,2026-10-15,есть,2026-09-15,fixed
RU000A1078H1,СОБИЛИЗ1Р3,,RUB,10.0,27.36,,,63.96,0.08,1.16,17.5,,2026-11-05,2023-11-21,Отсутствует,Соби-Лизинг,Лизинг,Плохая,70.0,12,2026-10-06,есть,2026-09-15,fixed
RU000A107EE3,СОБИЛИЗ1Р4,,RUB,15.0,17.97,,,105.73,0.08,0.72,19.0,,2026-12-03,2023-12-19,Отсутствует,Соби-Лизинг,Лизинг,Очень плохая,100.0,12,2026-10-04,есть,2026-09-15,fixed
RU000A108KK5,СОБИЛИЗ1Р5,,RUB,39.0,12.9,,,149.22,0.11,2.6,19.25,,2028-05-09,2024-05-30,Отсутствует,Соби-Лизинг,Лизинг,Очень плохая,472.0,12,2026-09-17,есть,2026-09-15,fixed
RU000A10C8B2,СОБИЛИЗ1Р7,,RUB,61.0,11.84,,,185.81,0.14,0.04,22.0,,2028-07-15,2025-07-31,Отсутствует,Соби-Лизинг,Лизинг,Очень плохая,700.0,12,2026-09-24,есть,2026-09-15,fixed
RU000A1018M7,СОПФ ФПФ 1,AAA,RUB,10000.0,98.0,227.0,15.12,6.98,0.27,-0.5,6.84,,2026-12-25,2019-12-25,Отсутствует,СОПФ ФПФ,Банки,Плохая,1000.0,4,2026-10-15,отсутствует,2026-09-15,fixed
RU000A106FN3,СПМК БО-02,B+,RUB,225.0,97.86,783.0,20.64,14.71,0.47,0.19,14.4,,2027-06-08,2023-06-29,Отсутствует,СПМК,Сельское хозяйство,Средняя,750.0,4,2026-12-10,есть,2026-09-15,fixed
RU000A10F8G8,СПМК БО-03,B+,RUB,500.0,99.79,491.0,19.68,18.04,2.1,0.01,18.0,2028-05-16,2029-11-07,2026-05-27,Колл,СПМК,Сельское хозяйство,Отличная,1000.0,12,2026-09-24,есть,2026-09-15,fixed
RU000A0ZYKJ1,СПбГО35002,AAA,RUB,6250.0,99.05,-101.0,11.9,7.72,0.22,0.08,7.65,,2026-12-04,2017-12-15,Отсутствует,Санкт-Петербург,Субфедеральный долг,Отличная,250.0,2,2026-12-04,есть,2026-09-15,fixed
RU000A102A15,СПбГО35003,AAA,RUB,15000.0,97.41,115.0,13.89,6.21,0.36,-0.8,6.05,,2027-04-13,2020-10-27,Отсутствует,Санкт-Петербург,Субфедеральный долг,Хорошая,500.0,2,2026-10-13,есть,2026-09-15,fixed
RU000A102K88,СПбГО35004,AAA,RUB,4.0,110.0,-1478.0,-0.29,5.36,1.53,15.88,5.9,,2028-09-28,2020-12-23,Отсутствует,Санкт-Петербург,Субфедеральный долг,Очень плохая,700.0,2,2026-10-01,есть,2026-09-15,fixed
RU000A10AST0,ССекьюр_А,AAA,RUB,5920.0,105.66,282.0,15.91,21.77,0.69,-0.23,23.0,2028-01-25,2028-03-25,2025-02-24,Колл,CФО Совком Секьюр,Банки,Отличная,740.0,12,2026-09-25,есть,2026-09-15,fixed
RU000A105M91,СТМ 1P3,A+/A,RUB,10000.0,103.18,284.0,16.55,17.93,1.13,-0.17,18.5,,2027-12-10,2022-12-16,Отсутствует,Синара Транспортные Машины,Промышленность,Отличная,1000.0,4,2026-12-11,отсутствует,2026-09-15,fixed
RU000A1082Y8,СТМ 1P4,A+/A,RUB,10000.0,101.09,400.0,18.75,17.66,2.0,-0.4,17.85,,2029-03-10,2024-04-05,Отсутствует,Синара Транспортные Машины,Промышленность,Отличная,1000.0,12,2026-09-22,отсутствует,2026-09-15,fixed
RU000A10FN36,СТМ 1Р8,A+/A,RUB,9000.0,100.6,413.0,18.95,17.64,2.2,0.1,17.75,2029-07-05,2031-06-25,2026-07-21,Пут,Синара Транспортные Машины,Промышленность,Отличная,1000.0,12,2026-09-19,отсутствует,2026-09-15,fixed
RU000A100VG7,СУЭК-Ф1P3R,A-,RUB,21000.0,92.91,529.0,18.15,2.26,0.5,0.32,2.1,2027-03-18,2029-09-13,2019-09-26,Пут,СУЭК,Металлургия,Очень плохая,1000.0,2,2026-09-17,отсутствует,2026-09-15,fixed
RU000A101CQ4,СУЭК-Ф1P5R,A-,RUB,30000.0,101.12,324.0,15.99,19.68,0.35,-0.03,19.9,2027-01-20,2030-01-16,2020-01-29,Пут,СУЭК,Металлургия,Отличная,1000.0,2,2027-01-20,отсутствует,2026-09-15,fixed
RU000A102986,СУЭК-Ф1P6R,A-,RUB,14000.0,101.54,365.0,16.55,18.61,0.54,0.75,18.9,2027-04-15,2030-10-10,2020-10-22,Пут,СУЭК,Металлургия,Средняя,1000.0,2,2026-10-15,отсутствует,2026-09-15,fixed
RU000A10AAQ4,СФО СФ1 01,AAA,RUB,1799.0,104.66,772.0,20.45,23.89,0.4,0.28,25.0,,2028-03-27,2024-12-12,Отсутствует,СФО Сплит Финанс-1,Банки,Отличная,233.61,12,2026-09-27,есть,2026-09-15,fixed
RU000A10CLT1,СФОРЛО-2 А,,RUB,297.0,99.91,1237.0,26.31,24.02,1.26,-0.13,24.0,,2030-08-23,2025-08-29,Отсутствует,СФО РЛО 2,Инфраструктура,Отличная,872.3,4,2026-09-30,есть,2026-09-15,fixed
RU000A1095N3,СФОРЛО-А,,RUB,88.0,97.02,1080.0,24.21,19.58,0.92,-0.88,19.0,,2029-09-06,2024-09-12,Отсутствует,СФО РЛО,Инфраструктура,Плохая,425.8,4,2026-09-30,есть,2026-09-15,fixed
RU000A102556,СЭЗ 1P2,BBB+,RUB,500.0,92.98,654.0,19.99,11.56,0.95,0.01,10.75,,2027-09-14,2020-09-22,Отсутствует,СЭЗ им. Серго Орджоникидзе,Промышленность,Отличная,1000.0,4,2026-12-15,отсутствует,2026-09-15,fixed
RU000A10DWW0,СамарОбл16,AA,RUB,9000.0,100.9,147.0,14.98,14.97,1.0,-0.24,15.1,,2028-12-15,2025-12-19,Отсутствует,Самарская область,Субфедеральный долг,Средняя,1000.0,4,2026-09-18,есть,2026-09-15,fixed
RU000A107AZ6,Саммит 1P2,BB,RUB,19.0,99.98,325.0,16.26,15.0,0.12,0.01,15.0,,2026-11-15,2023-12-01,Отсутствует,МФК Саммит,МФО,Погранично плохая,126.4,12,2026-09-16,есть,2026-09-15,fixed
RU000A109R50,Самокат02,B,RUB,94.0,57.41,28105.0,293.82,40.06,0.43,-0.09,23.0,,2027-09-23,2024-10-08,Отсутствует,Мой Самокат,IT,Плохая,1000.0,12,2026-09-28,есть,2026-09-15,fixed
RU000A10BYR0,Самокат03,B,RUB,300.0,61.57,7258.0,86.52,43.85,1.27,-1.43,27.0,2027-06-23,2028-06-17,2025-07-03,Колл,Мой Самокат,IT,Средняя,1000.0,12,2026-09-26,отсутствует,2026-09-15,fixed
RU000A0JWYJ0,Самолет 01,A/A-,RUB,1500.0,99.92,1283.0,25.82,26.02,0.12,-0.05,26.0,,2026-10-30,2016-11-11,Отсутствует,Самолет,Недвижимость,Отличная,1000.0,4,2026-10-30,отсутствует,2026-09-15,fixed
RU000A100Q50,Самолет1P5,A/A-,RUB,280.0,99.45,979.0,22.8,19.11,0.13,-0.03,19.0,2026-11-03,2029-07-31,2019-08-15,Пут,Самолет,Недвижимость,Плохая,1000.0,4,2026-11-03,отсутствует,2026-09-15,fixed
RU000A100QA0,Самолет1P6,A/A-,RUB,500.0,86.89,2887.0,42.13,21.58,0.81,-0.21,18.75,2027-08-04,2029-08-01,2019-08-14,Пут,Самолет,Недвижимость,Средняя,1000.0,4,2026-11-04,отсутствует,2026-09-15,fixed
RU000A10EQ83,Самолет2P3,A/A-,RUB,1000.0,94.21,1370.0,28.32,22.82,1.61,-1.07,21.5,2029-09-10,2031-03-04,2026-03-30,Пут,Самолет,Недвижимость,Погранично хорошая,1000.0,12,2026-09-26,есть,2026-09-15,fixed
RU000A104JQ3,СамолетP11,A/A-,RUB,20000.0,95.6,2497.0,37.69,27.2,0.4,-0.06,26.0,2027-02-09,2028-02-08,2022-02-15,Пут,Самолет,Недвижимость,Отличная,1000.0,2,2027-02-09,отсутствует,2026-09-15,fixed
RU000A107RZ0,СамолетP13,A/A-,RUB,24500.0,95.26,2892.0,41.67,22.04,0.34,-0.23,21.0,,2027-01-24,2024-02-09,Отсутствует,Самолет,Недвижимость,Отличная,1000.0,12,2026-09-26,отсутствует,2026-09-15,fixed
RU000A109874,СамолетP15,A/A-,RUB,5000.0,89.56,2236.0,35.61,18.98,0.8,-1.99,17.0,,2027-07-30,2024-08-14,Отсутствует,Самолет,Недвижимость,Хорошая,1000.0,12,2026-10-03,отсутствует,2026-09-15,fixed
RU000A10BFX7,СамолетP16,A/A-,RUB,3000.0,99.3,1542.0,29.4,25.68,1.3,-0.59,25.5,,2028-04-06,2025-04-22,Отсутствует,Самолет,Недвижимость,Отличная,1000.0,12,2026-10-14,отсутствует,2026-09-15,fixed
RU000A10BW96,СамолетP18,A/A-,RUB,15000.0,94.99,1537.0,30.1,25.27,1.97,-1.24,24.0,,2029-06-06,2025-06-27,Отсутствует,Самолет,Недвижимость,Отличная,1000.0,12,2026-09-20,отсутствует,2026-09-15,fixed
RU000A10E6U4,СамолетP19,A/A-,RUB,5000.0,93.0,2168.0,34.9,22.58,0.79,-1.14,21.0,2027-07-28,2029-01-18,2026-02-03,Пут,Самолет,Недвижимость,Хорошая,1000.0,12,2026-10-01,отсутствует,2026-09-15,fixed
RU000A10CZA1,СамолетP20,A/A-,RUB,2500.0,99.75,1425.0,28.63,21.3,0.03,0.04,21.25,,2026-09-28,2025-10-03,Отсутствует,Самолет,Недвижимость,Отличная,1000.0,12,2026-09-28,отсутствует,2026-09-15,fixed
RU000A10DCM3,СамолетP21,A/A-,RUB,1000.0,71.0,2121.0,35.91,18.31,1.88,-1.0,13.0,,2028-12-15,2025-11-01,Отсутствует,Самолет,Недвижимость,Средняя,50000.0,12,2026-09-27,отсутствует,2026-09-15,fixed
RU000A10DS74,Сбер Sb51R,AAA,RUB,100000.0,101.15,55.0,15.04,14.68,1.52,-0.13,14.85,,2028-06-03,2025-12-16,Отсутствует,Сбербанк России,Банки,Отличная,1000.0,12,2026-10-12,отсутствует,2026-09-15,fixed
RU000A10EF52,Сбер Sb52R,AAA,RUB,71000.0,100.2,37.0,15.03,14.17,1.71,0.03,14.2,,2028-08-29,2026-03-13,Отсутствует,Сбербанк России,Банки,Отличная,1000.0,12,2026-10-09,отсутствует,2026-09-15,fixed
RU000A10F7R7,Сбер Sb56R,AAA,RUB,75000.0,98.49,16.0,15.01,13.61,2.3,-0.01,13.4,,2029-06-16,2026-06-02,Отсутствует,Сбербанк России,Банки,Отличная,1000.0,12,2026-09-30,отсутствует,2026-09-15,fixed
RU000A109LG9,Сбер SbD2R,AAA,RUB,12000.0,64.28,60.0,15.64,0.0,3.04,0.0,0.0,,2029-09-30,2024-09-30,Отсутствует,Сбербанк России,Банки,Отличная,1000.0,1,2029-09-30,отсутствует,2026-09-15,fixed
RU000A109X37,Сбер SbD3R,AAA,RUB,16000.0,62.75,80.0,15.9,0.0,3.16,0.06,0.0,,2029-11-12,2024-11-11,Отсутствует,Сбербанк России,Банки,Отличная,1000.0,1,2029-11-12,отсутствует,2026-09-15,fixed
RU000A10AS85,Сбер SbD4R,AAA,RUB,20000.0,60.39,72.0,15.95,0.0,3.41,0.09,0.0,,2030-02-11,2025-02-11,Отсутствует,Сбербанк России,Банки,Отличная,1000.0,1,2030-02-11,отсутствует,2026-09-15,fixed
RU000A10B0E4,Сбер SbD5R,AAA,RUB,20000.0,59.39,85.0,16.11,0.0,3.49,-0.05,0.0,,2030-03-12,2025-03-12,Отсутствует,Сбербанк России,Банки,Отличная,1000.0,1,2030-03-12,отсутствует,2026-09-15,fixed
RU000A10BL99,Сбер SbD6R,AAA,RUB,20000.0,57.89,63.0,15.99,0.0,3.68,0.1,0.0,,2030-05-23,2025-05-23,Отсутствует,Сбербанк России,Банки,Отличная,1000.0,1,2030-05-23,отсутствует,2026-09-15,fixed
RU000A10BZH8,Сбер SbD7R,AAA,RUB,20000.0,56.69,59.0,16.02,0.0,3.82,-0.03,0.0,,2030-07-11,2025-07-11,Отсутствует,Сбербанк России,Банки,Отличная,1000.0,1,2030-07-11,отсутствует,2026-09-15,fixed
RU000A10C8S6,Сбер SbD8R,AAA,RUB,25000.0,56.01,76.0,16.05,0.0,3.89,-0.12,0.0,,2030-08-07,2025-08-07,Отсутствует,Сбербанк России,Банки,Отличная,1000.0,1,2030-08-07,отсутствует,2026-09-15,fixed
RU000A10CBA2,Сбер SbD9R,AAA,RUB,12000.0,54.85,65.0,16.03,0.0,4.04,-0.02,0.0,,2030-09-29,2025-09-29,Отсутствует,Сбербанк России,Банки,Отличная,1000.0,1,2030-09-29,отсутствует,2026-09-15,fixed
RU000A102HC1,Сбер2СУБ2R,AAA (AA-),RUB,56000.0,95.6,196.0,17.1,15.69,3.39,0.1,15.0,,2031-03-11,2021-01-22,Отсутствует,Сбербанк России,Банки,Плохая,10000000.0,2,2027-03-16,отсутствует,2026-09-15,fixed
RU000A10DCH3,СберSbD10R,AAA,RUB,60000.0,49.41,-44.0,15.5,0.0,4.89,-0.02,0.0,,2031-08-07,2026-08-07,Отсутствует,Сбербанк России,Банки,Отличная,1000.0,1,2031-08-07,отсутствует,2026-09-15,fixed
RU000A0ZZQH9,СвердлОбл5,AA+/AA,RUB,250.0,99.83,-286.0,10.15,8.69,0.1,-0.08,8.68,,2026-10-23,2018-10-25,Отсутствует,Свердловская область,Субфедеральный долг,Погранично плохая,50.0,4,2026-10-23,есть,2026-09-15,fixed
RU000A1016N9,СвердлОбл6,AA+/AA,RUB,1250.0,99.33,-345.0,9.44,6.75,0.25,0.08,6.7,,2026-12-15,2019-12-17,Отсутствует,Свердловская область,Субфедеральный долг,Плохая,250.0,4,2026-12-15,есть,2026-09-15,fixed
RU000A101Z17,СвердлОбл8,AA+/AA,RUB,3600.0,93.69,139.0,14.7,6.51,0.84,-0.15,6.1,,2027-07-29,2020-07-30,Отсутствует,Свердловская область,Субфедеральный долг,Хорошая,300.0,4,2026-10-22,есть,2026-09-15,fixed
RU000A102CT6,СвердлОбл9,AA+/AA,RUB,3200.0,95.29,175.0,14.77,6.56,0.62,0.0,6.25,,2027-11-17,2020-11-18,Отсутствует,Свердловская область,Субфедеральный долг,Отличная,400.0,4,2026-11-11,есть,2026-09-15,fixed
RU000A10E747,Сегеж3P10R,B,RUB,2904.0,99.67,1378.0,28.34,25.08,1.56,-0.38,25.0,,2029-01-19,2026-02-04,Отсутствует,Сегежа Групп,Промышленность,Отличная,1000.0,12,2026-10-02,есть,2026-09-15,fixed
RU000A1041B2,Сегежа2P1R,B,RUB,10000.0,96.97,1653.0,29.49,10.16,0.15,0.87,9.85,2026-11-11,2036-10-29,2021-11-17,Пут,Сегежа Групп,Промышленность,Средняя,1000.0,2,2026-11-11,отсутствует,2026-09-15,fixed
RU000A104FG2,Сегежа2P3R,B,RUB,9000.0,96.05,1896.0,32.16,24.47,0.76,-1.43,23.5,2027-07-21,2037-01-07,2022-01-26,Пут,Сегежа Групп,Промышленность,Средняя,1000.0,4,2026-10-21,отсутствует,2026-09-15,fixed
RU000A104UA4,Сегежа2P4R,B,RUB,8200.0,89.47,1702.0,30.09,11.01,0.67,-0.53,9.85,2027-05-24,2037-05-11,2022-05-30,Пут,Сегежа Групп,Промышленность,Плохая,1000.0,4,2026-11-23,отсутствует,2026-09-15,fixed
RU000A1053P7,Сегежа2P5R,B,RUB,10000.0,95.77,1694.0,30.83,26.1,1.24,-0.8,25.0,2028-02-10,2037-07-30,2022-08-18,Пут,Сегежа Групп,Промышленность,Средняя,1000.0,2,2027-02-11,отсутствует,2026-09-15,fixed
RU000A105EW9,Сегежа3P1R,B,CNY,500.0,93.98,2166.0,28.63,16.49,0.61,1.31,15.5,2027-05-06,2037-10-22,2022-11-10,Пут,Сегежа Групп,Промышленность,Хорошая,1000.0,4,2026-11-05,отсутствует,2026-09-15,fixed
RU000A105SP3,Сегежа3P2R,B,RUB,6000.0,97.84,1915.0,32.11,25.55,0.58,0.0,25.0,2027-04-30,2038-01-15,2023-02-03,Пут,Сегежа Групп,Промышленность,Средняя,1000.0,4,2026-10-30,отсутствует,2026-09-15,fixed
RU000A10CB66,Сегежа3P6R,B,RUB,7000.0,97.56,1512.0,28.88,24.09,1.16,-0.25,23.5,,2028-01-25,2025-08-08,Отсутствует,Сегежа Групп,Промышленность,Отличная,1000.0,12,2026-10-02,отсутствует,2026-09-15,fixed
RU000A10CL64,Сегежа3P7R,B,CNY,650.0,96.04,1838.0,25.44,13.54,0.41,0.11,13.0,,2027-02-18,2025-08-27,Отсутствует,Сегежа Групп,Промышленность,Отличная,100.0,12,2026-09-21,отсутствует,2026-09-15,fixed
RU000A10DY50,Сегежа3P8R,B,RUB,670.0,99.21,1330.0,27.53,24.19,1.41,0.31,24.0,,2028-06-10,2025-12-23,Отсутствует,Сегежа Групп,Промышленность,Хорошая,1000.0,12,2026-09-19,отсутствует,2026-09-15,fixed
RU000A10DY76,Сегежа3P9R,B,CNY,21.0,101.9,711.0,14.18,14.72,1.13,2.75,15.0,,2027-12-13,2025-12-23,Отсутствует,Сегежа Групп,Промышленность,Плохая,100.0,12,2026-09-19,отсутствует,2026-09-15,fixed
RU000A10EC22,Селигдар10,A+/A,RUB,3500.0,100.57,294.0,17.59,16.56,1.7,0.14,16.65,,2029-02-03,2026-02-19,Отсутствует,Селигдар,Металлургия,Отличная,1000.0,12,2026-09-17,есть,2026-09-15,fixed
RU000A10EXW6,Селигдар11,A+/A,RUB,3600.0,99.85,233.0,17.03,15.77,1.85,0.13,15.75,,2029-04-07,2026-04-23,Отсутствует,Селигдар,Металлургия,Отличная,1000.0,12,2026-09-20,есть,2026-09-15,fixed
RU000A10B1X2,Селигдар2Р,A+/A,RUB,3500.0,103.85,352.0,16.28,23.11,0.43,0.05,24.0,,2027-03-01,2025-03-11,Отсутствует,Селигдар,Металлургия,Отличная,1000.0,12,2026-10-02,отсутствует,2026-09-15,fixed
RU000A10B933,Селигдар3Р,A+/A,RUB,9500.0,106.57,411.0,17.51,21.82,0.92,0.11,23.25,,2027-09-25,2025-04-08,Отсутствует,Селигдар,Металлургия,Отличная,1000.0,12,2026-09-30,отсутствует,2026-09-15,fixed
RU000A10C5L7,Селигдар4Р,A+/A,RUB,12500.0,103.28,369.0,17.47,18.4,1.17,-0.01,19.0,,2028-01-08,2025-07-22,Отсутствует,Селигдар,Металлургия,Отличная,1000.0,12,2026-10-15,отсутствует,2026-09-15,fixed
RU000A10D3S6,Селигдар6Р,A+/A,RUB,2700.0,103.13,334.0,17.46,17.94,1.36,-0.27,18.5,,2028-04-02,2025-10-15,Отсутствует,Селигдар,Металлургия,Отличная,1000.0,12,2026-10-10,отсутствует,2026-09-15,fixed
RU000A10DTF1,Селигдар8Р,A+/A,RUB,5500.0,102.88,290.0,17.31,17.5,1.49,-0.07,18.0,,2028-06-03,2025-12-16,Отсутствует,Селигдар,Металлургия,Отличная,1000.0,12,2026-10-12,отсутствует,2026-09-15,fixed
RU000A10DQ68,СелоЗ1Р-2,A,RUB,3500.0,100.95,402.0,17.65,17.09,1.08,-0.04,17.25,,2027-11-25,2025-12-05,Отсутствует,Cело Зеленое,Розница,Отличная,1000.0,12,2026-10-01,отсутствует,2026-09-15,fixed
RU000A107P62,СибКХП 1P2,BB,RUB,300.0,80.56,2389.0,37.72,19.86,1.2,1.1,16.0,,2028-01-24,2024-01-29,Отсутствует,Сибирский комбинат хлебопродуктов,Сельское хозяйство,Средняя,1000.0,4,2026-10-26,отсутствует,2026-09-15,fixed
RU000A10BHX3,СибКХП 1P3,BB,RUB,139.0,100.97,1372.0,26.72,25.26,0.61,0.36,25.5,2027-06-18,2029-04-08,2025-04-29,Колл,Сибирский комбинат хлебопродуктов,Сельское хозяйство,Хорошая,925.0,12,2026-09-21,есть,2026-09-15,fixed
RU000A10ASF9,СибСтекБ01,BB-,RUB,280.0,101.38,1468.0,27.47,28.61,0.31,-0.32,29.0,,2027-01-24,2025-02-03,Отсутствует,Сибстекло,Розница,Хорошая,800.0,12,2026-09-26,есть,2026-09-15,fixed
RU000A10CJ84,СибСтекБ02,BB-,RUB,300.0,96.83,2535.0,38.07,25.3,0.39,0.12,24.5,2027-02-16,2028-08-09,2025-08-25,Пут,Сибстекло,Розница,Погранично хорошая,1000.0,12,2026-09-19,отсутствует,2026-09-15,fixed
RU000A10D2N9,СибСтекБ03,BB-,RUB,200.0,96.0,2060.0,33.83,25.26,0.79,-0.84,24.25,2027-08-01,2028-09-24,2025-10-10,Пут,Сибстекло,Промышленность,Средняя,1000.0,12,2026-10-05,отсутствует,2026-09-15,fixed
RU000A10FD04,СибСтекБ04,BB-,RUB,98.0,98.99,1637.0,29.95,25.76,1.05,0.09,25.5,2027-12-02,2029-05-25,2026-06-10,Пут,Сибстекло,Промышленность,Средняя,1000.0,12,2026-10-08,есть,2026-09-15,fixed
RU000A107209,СибСтекП04,BB-,RUB,300.0,96.91,1477.0,28.14,22.19,0.89,0.43,21.5,,2027-09-28,2023-10-19,Отсутствует,Сибстекло,Промышленность,Хорошая,1000.0,12,2026-10-03,есть,2026-09-15,fixed
RU000A103DS4,СибурХ Б03,AAA,RUB,10000.0,101.46,69.0,13.89,15.28,0.77,-0.11,15.5,2027-07-06,2031-07-01,2021-07-13,Пут,Сибур Холдинг,Промышленность,Средняя,1000.0,2,2027-01-05,отсутствует,2026-09-15,fixed
RU000A10AXW4,СибурХ1Р03,AAA,USD,600.0,101.0,90.0,9.4,9.5,1.73,-0.2,9.6,,2028-08-02,2025-02-19,Отсутствует,Сибур Холдинг,Промышленность,Отличная,100.0,12,2026-10-12,отсутствует,2026-09-15,fixed
RU000A10C8T4,СибурХ1Р07,AAA,RUB,40000.0,99.45,42.0,15.19,14.03,2.04,-0.16,13.95,,2029-02-11,2025-08-01,Отсутствует,Сибур Холдинг,Промышленность,Отличная,1000.0,12,2026-09-25,отсутствует,2026-09-15,fixed
RU000A10CMR3,СибурХ1Р08,AAA,USD,400.0,91.67,101.0,9.6,7.25,3.4,-0.13,6.65,,2030-08-08,2025-09-03,Отсутствует,Сибур Холдинг,Промышленность,Отличная,100.0,12,2026-09-28,отсутствует,2026-09-15,fixed
RU000A10ECK5,СибурХ1Р09,AAA,USD,250.0,96.45,105.0,9.5,7.78,2.25,-0.25,7.5,,2029-03-06,2026-02-20,Отсутствует,Сибур Холдинг,Промышленность,Отличная,100.0,12,2026-09-18,отсутствует,2026-09-15,fixed
RU000A10D5H4,СинСекью_А,AAA,RUB,7200.0,99.97,359.0,17.83,16.5,1.41,-0.02,16.5,,2029-12-26,2026-03-26,Отсутствует,СФО Синара Секьюр,,Отличная,1000.0,12,2026-09-26,есть,2026-09-15,fixed
RU000A1008J4,Систем1P10,A+,RUB,10000.0,99.49,492.0,17.75,16.08,0.49,0.32,16.0,2027-03-26,2029-03-23,2019-04-05,Пут,АФК Система,"Промышленность, Телекоммуникации",Отличная,1000.0,2,2026-09-25,отсутствует,2026-09-15,fixed
RU000A100N12,Систем1P11,A+,RUB,10000.0,92.99,811.0,21.37,11.72,0.81,0.02,10.9,2027-07-19,2029-07-16,2019-07-29,Пут,АФК Система,"Промышленность, Телекоммуникации",Отличная,1000.0,2,2027-01-18,отсутствует,2026-09-15,fixed
RU000A101012,Систем1P12,A+,RUB,10000.0,100.65,448.0,17.43,17.88,0.57,-0.35,18.0,2027-04-27,2029-10-23,2019-11-05,Пут,АФК Система,"Промышленность, Телекоммуникации",Погранично хорошая,1000.0,2,2026-10-27,отсутствует,2026-09-15,fixed
RU000A101Q26,Систем1P13,A+,RUB,15000.0,99.41,560.0,18.56,16.09,0.17,-0.04,16.0,2026-11-18,2030-05-15,2020-05-27,Пут,АФК Система,"Промышленность, Телекоммуникации",Отличная,1000.0,2,2026-11-18,отсутствует,2026-09-15,fixed
RU000A101XN7,Систем1P14,A+,RUB,10000.0,94.53,956.0,22.49,11.11,0.56,-0.06,10.5,2027-04-14,2030-07-10,2020-07-22,Пут,АФК Система,"Промышленность, Телекоммуникации",Отличная,1000.0,4,2026-10-14,отсутствует,2026-09-15,fixed
RU000A1023K1,Систем1P15,A+,RUB,10000.0,95.1,423.0,18.89,15.77,1.75,0.14,15.0,2028-08-28,2030-08-26,2020-09-07,Пут,АФК Система,"Промышленность, Телекоммуникации",Средняя,1000.0,2,2027-03-01,отсутствует,2026-09-15,fixed
RU000A102FS1,Систем1P16,A+,RUB,5000.0,93.6,876.0,21.86,11.0,0.68,0.11,10.3,2027-05-31,2030-11-25,2020-12-07,Пут,АФК Система,"Промышленность, Телекоммуникации",Хорошая,1000.0,4,2026-11-30,отсутствует,2026-09-15,fixed
RU000A102FT9,Систем1P17,A+,RUB,14000.0,98.92,690.0,19.97,17.69,0.66,-0.06,17.5,2027-05-31,2030-11-25,2020-12-07,Пут,АФК Система,"Промышленность, Телекоммуникации",Отличная,1000.0,2,2026-11-30,отсутствует,2026-09-15,fixed
RU000A102SV8,Систем1P18,A+,RUB,5000.0,90.01,350.0,18.05,11.11,1.55,0.02,10.0,2028-05-22,2031-02-17,2021-03-01,Пут,АФК Система,"Промышленность, Телекоммуникации",Плохая,1000.0,4,2026-11-23,отсутствует,2026-09-15,fixed
RU000A102SX4,Систем1P19,A+,RUB,12500.0,99.98,563.0,18.69,17.5,0.65,0.08,17.5,2027-05-24,2031-02-17,2021-03-01,Пут,АФК Система,"Промышленность, Телекоммуникации",Средняя,1000.0,4,2026-11-23,отсутствует,2026-09-15,fixed
RU000A103372,Систем1P20,A+,RUB,10000.0,100.1,276.0,15.74,17.48,0.13,-0.2,17.5,2026-11-04,2031-04-30,2021-05-12,Пут,АФК Система,"Промышленность, Телекоммуникации",Хорошая,1000.0,2,2026-11-04,отсутствует,2026-09-15,fixed
RU000A103C95,Систем1P21,A+,RUB,15000.0,98.72,696.0,20.13,17.73,0.74,0.03,17.5,2027-06-28,2031-06-23,2021-07-05,Пут,АФК Система,"Промышленность, Телекоммуникации",Отличная,1000.0,2,2026-12-28,отсутствует,2026-09-15,fixed
RU000A104693,Систем1P23,A+,RUB,5000.0,99.89,617.0,18.94,17.52,0.44,0.25,17.5,2027-02-26,2031-11-21,2021-12-03,Пут,АФК Система,"Промышленность, Телекоммуникации",Хорошая,1000.0,4,2026-11-27,отсутствует,2026-09-15,fixed
RU000A105L27,Систем1P24,A+,RUB,10000.0,99.99,503.0,17.93,18.0,0.21,-0.01,18.0,2026-12-02,2032-11-24,2022-12-07,Пут,АФК Система,"Промышленность, Телекоммуникации",Отличная,1000.0,4,2026-12-02,отсутствует,2026-09-15,fixed
RU000A10B024,Систем2P01,A+,RUB,12000.0,100.49,501.0,17.94,17.41,0.56,0.02,17.5,2027-04-18,2028-03-24,2025-03-04,Пут,АФК Система,"Промышленность, Телекоммуникации",Отличная,1000.0,12,2026-10-14,отсутствует,2026-09-15,fixed
RU000A10BPZ1,Систем2P02,A+,RUB,12000.0,104.0,472.0,17.74,21.88,0.62,-0.08,22.75,,2027-05-20,2025-05-30,Отсутствует,АФК Система,"Промышленность, Телекоммуникации",Отличная,1000.0,12,2026-09-22,отсутствует,2026-09-15,fixed
RU000A10BY94,Систем2P03,A+,RUB,12000.0,102.42,507.0,17.91,20.99,0.49,0.22,21.5,,2027-03-24,2025-07-02,Отсутствует,АФК Система,"Промышленность, Телекоммуникации",Отличная,1000.0,12,2026-09-25,отсутствует,2026-09-15,fixed
RU000A10CU48,Систем2P04,A+,RUB,2000.0,100.66,328.0,17.95,16.89,1.75,-0.04,17.0,,2029-09-05,2025-09-26,Отсутствует,АФК Система,"Промышленность, Телекоммуникации",Отличная,1000.0,12,2026-09-21,есть,2026-09-15,fixed
RU000A10EE87,Систем2P12,A+,RUB,5500.0,99.71,533.0,19.25,17.55,1.26,0.11,17.5,2028-02-17,2031-02-01,2026-02-27,Пут,АФК Система,"Промышленность, Телекоммуникации",Хорошая,1000.0,12,2026-09-25,отсутствует,2026-09-15,fixed
RU000A10FA72,Систем2P14,A+,RUB,11500.0,99.89,472.0,19.06,17.52,1.46,-0.01,17.5,2028-05-22,2031-05-07,2026-06-02,Пут,АФК Система,"Промышленность, Телекоммуникации",Отличная,1000.0,12,2026-09-30,отсутствует,2026-09-15,fixed
RU000A0JWYQ5,СистемБ1P4,A+,RUB,6500.0,102.87,-1552.0,-2.53,20.41,0.13,0.41,21.0,,2026-10-30,2016-11-11,Отсутствует,АФК Система,"Промышленность, Телекоммуникации",Плохая,1000.0,2,2026-10-30,отсутствует,2026-09-15,fixed
RU000A0JWZY6,СистемБ1P5,A+,RUB,10000.0,100.56,-172.0,11.26,14.92,0.16,0.23,15.0,,2026-11-13,2016-11-25,Отсутствует,АФК Система,"Промышленность, Телекоммуникации",Хорошая,1000.0,4,2026-11-13,отсутствует,2026-09-15,fixed
RU000A0JXN21,СистемБ1P6,A+,RUB,15000.0,97.06,441.0,17.26,10.82,0.5,0.41,10.5,,2027-03-26,2017-04-07,Отсутствует,АФК Система,"Промышленность, Телекоммуникации",Хорошая,1000.0,2,2026-09-25,отсутствует,2026-09-15,fixed
RU000A0ZYQY7,СистемБ1P7,A+,RUB,10000.0,99.7,533.0,18.59,17.55,0.81,0.05,17.5,2027-07-23,2028-01-21,2018-02-02,Пут,АФК Система,"Промышленность, Телекоммуникации",Отличная,1000.0,2,2027-01-22,отсутствует,2026-09-15,fixed
RU000A0ZYWU3,Система1P8,A+,RUB,15000.0,95.02,252.0,16.63,12.63,1.35,-0.18,12.0,,2028-02-23,2018-03-07,Отсутствует,АФК Система,"Промышленность, Телекоммуникации",Средняя,1000.0,2,2027-02-24,отсутствует,2026-09-15,fixed
RU000A1005L6,Система1P9,A+,RUB,10000.0,99.83,496.0,17.74,17.53,0.44,0.31,17.5,2027-02-24,2029-02-21,2019-03-06,Пут,АФК Система,"Промышленность, Телекоммуникации",Отличная,1000.0,2,2027-02-24,отсутствует,2026-09-15,fixed
RU000A109PK2,Сказка 1P1,B+,RUB,300.0,94.82,13633.0,150.32,25.31,0.04,-0.01,24.0,2026-10-01,2027-09-30,2024-10-03,Пут,Парк Сказка,Потребительские товары,Средняя,1000.0,4,2026-10-01,отсутствует,2026-09-15,fixed
RU000A103WB0,СлавЭКО1Р1,BBB/BBB-,RUB,3000.0,98.6,1673.0,29.77,11.16,0.08,-0.37,11.0,,2026-10-13,2021-10-19,Отсутствует,Славянск Эко,Нефть и Газ,Средняя,1000.0,4,2026-10-13,отсутствует,2026-09-15,fixed
RU000A10CCJ1,СлавЭКО1Р4,BBB/BBB-,USD,10.0,76.14,2482.0,33.32,17.07,1.68,1.64,13.0,,2028-09-01,2025-08-12,Отсутствует,Славянск Эко,Нефть и Газ,Средняя,100.0,12,2026-09-19,отсутствует,2026-09-15,fixed
RU000A101T64,Славнеф1Р1,AA,RUB,10000.0,103.09,131.0,14.42,17.7,0.69,0.1,18.25,2027-06-08,2030-06-04,2020-06-16,Пут,Славнефть,Нефть и Газ,Плохая,1000.0,4,2026-12-08,отсутствует,2026-09-15,fixed
RU000A1007H0,Славнеф1Р2,AA,RUB,10000.0,101.55,109.0,15.12,15.26,1.32,0.17,15.5,2028-03-16,2029-03-15,2019-03-28,Пут,Славнефть,Нефть и Газ,Плохая,1000.0,4,2026-09-17,отсутствует,2026-09-15,fixed
RU000A1013U1,Славнеф1Р3,AA,RUB,10000.0,100.53,272.0,16.35,15.87,1.08,0.0,15.95,2027-11-18,2029-11-15,2019-11-28,Пут,Славнефть,Нефть и Газ,Плохая,1000.0,4,2026-11-19,отсутствует,2026-09-15,fixed
RU000A104WF9,Славнеф2Р4,AA,RUB,10000.0,103.86,171.0,15.39,17.33,1.1,0.26,18.0,2027-12-17,2032-06-11,2022-06-24,Пут,Славнефть,Нефть и Газ,Отличная,1000.0,4,2026-09-18,отсутствует,2026-09-15,fixed
RU000A107EP9,СмартФ1Р02,BBB-,RUB,200.0,98.99,1045.0,23.32,19.19,0.25,-0.51,19.0,,2026-12-15,2023-12-19,Отсутствует,Смартфакт,Факторинг,Хорошая,1000.0,4,2026-12-15,отсутствует,2026-09-15,fixed
RU000A10EMM0,СовкВзск01,,RUB,1000.0,100.1,328.0,18.05,16.98,2.05,0.0,17.0,2028-04-25,2030-04-25,2026-03-20,Колл,СФО Совком Взыскание,,Отличная,1000.0,4,2026-10-25,есть,2026-09-15,fixed
RU000A10DTS4,СовкмЛ П17,AA-,RUB,5000.0,100.8,202.0,16.73,15.87,1.88,-0.05,16.0,,2028-12-01,2025-12-17,Отсутствует,Совкомбанк Лизинг,Лизинг,Отличная,1000.0,12,2026-10-13,отсутствует,2026-09-15,fixed
RU000A10E2B3,СовкмЭк1Р1,A+,RUB,500.0,103.97,353.0,17.22,18.76,1.12,0.0,19.5,2027-12-19,2029-12-08,2025-12-29,Пут,МФК Совком Экспресс,МФО,Хорошая,1000.0,12,2026-09-25,есть,2026-09-15,fixed
RU000A10DSY4,СовкоКап01,AA,RUB,10000.0,101.79,-111.0,11.76,18.67,0.23,-0.21,19.0,2026-12-10,2029-11-24,2025-12-15,Колл,Совкомбанк,Банки,Отличная,1000.0,12,2026-10-11,есть,2026-09-15,fixed
RU000A0ZYX28,Совком 1В2,AA (BBB),USD,100.0,89.96,-1181.0,-2.99,11.12,4.25,-2.09,10.0,2029-02-21,,2018-03-07,Колл,Совкомбанк,Банки,Плохая,100.0,12,2026-11-27,отсутствует,2026-09-15,fixed
RU000A0ZYJR6,Совком БО5,AA,RUB,9982.0,99.1,61.0,14.27,13.12,1.1,0.3,13.0,,2027-11-25,2017-12-07,Отсутствует,Совкомбанк,Банки,Плохая,1000.0,2,2026-11-26,отсутствует,2026-09-15,fixed
RU000A100DZ5,СовкомБОП1,AA,RUB,9924.0,99.81,221.0,14.96,13.78,0.42,-0.03,13.75,2027-02-18,2029-05-17,2019-05-30,Пут,Совкомбанк,Банки,Плохая,1000.0,4,2026-11-19,отсутствует,2026-09-15,fixed
RU000A101MB5,СовкомБОП2,AA,RUB,11930.0,100.49,26.0,13.22,13.43,0.57,-2.99,13.5,2027-04-21,2030-04-17,2020-04-29,Пут,Совкомбанк,Банки,Плохая,1000.0,4,2026-10-21,отсутствует,2026-09-15,fixed
RU000A107B84,СовкомЗО-1,AA,USD,116.0,73.25,11856.0,127.31,10.38,0.41,0.92,7.6,2027-02-17,,2023-12-04,Колл,Совкомбанк,Банки,Не определена,1000.0,4,2026-11-17,отсутствует,2026-09-15,fixed
RU000A107C59,СовкомЗО-2,AA,USD,17.0,84.75,842.0,16.9,12.19,2.98,2.02,10.33,2030-05-06,,2023-12-07,Колл,Совкомбанк,Банки,Не определена,1000.0,4,2026-11-06,отсутствует,2026-09-15,fixed
RU000A107CM0,СовкомЗО-3,AA,USD,6.0,33.19,,,6.03,0.21,1.55,2.0,2026-11-29,,2023-12-11,Колл,Совкомбанк,Банки,Плохая,1000.0,2,2026-11-29,отсутствует,2026-09-15,fixed
RU000A107E99,СовкомЗО-4,AA,USD,25.0,94.0,454.0,13.0,11.13,2.9,0.0,10.46,,2030-04-07,2023-12-18,Отсутствует,Совкомбанк,Банки,Не определена,1000.0,2,2026-10-07,отсутствует,2026-09-15,fixed
RU000A107L82,СовкомТ101,AA,USD,156.0,81.7,1218.0,20.58,14.33,2.74,0.0,11.71,2030-02-07,,2024-01-19,Колл,Совкомбанк,Банки,Не определена,1000.0,4,2026-11-07,отсутствует,2026-09-15,fixed
RU000A1052C7,СовкомТ2-1,AA,USD,164.0,76.0,536.0,14.49,8.55,3.77,-3.0,6.5,2028-01-31,2031-01-27,2022-08-08,Колл,Совкомбанк,Банки,Не определена,200000.0,2,2027-02-01,отсутствует,2026-09-15,fixed
RU000A104CF1,СолЛиз01,,RUB,80.0,99.45,1066.0,23.62,19.11,0.2,-0.66,19.0,,2026-12-22,2021-12-28,Отсутствует,Солид-лизинг,Лизинг,Очень плохая,200.0,4,2026-09-22,есть,2026-09-15,fixed
RU000A109NA8,СолСАТЛ01,B+,RUB,270.0,100.4,1295.0,26.23,23.9,0.83,0.16,24.0,,2028-03-10,2024-09-27,Отсутствует,Солид СпецАвтоТехЛизинг,Лизинг,Средняя,540.0,12,2026-09-17,есть,2026-09-15,fixed
RU000A10DRZ3,СолСАТЛ02,B+,RUB,250.0,105.98,462.0,17.86,24.53,0.62,2.98,26.0,2027-06-04,2030-11-15,2025-12-11,Колл,Солид СпецАвтоТехЛизинг,Лизинг,Плохая,1000.0,12,2026-10-07,есть,2026-09-15,fixed
RU000A10BQ03,Спектр02,BBB-/BB,RUB,300.0,102.07,1400.0,27.0,26.94,0.61,-0.13,27.5,,2027-05-20,2025-05-30,Отсутствует,ЛК Спектр,Лизинг,Хорошая,1000.0,12,2026-09-22,отсутствует,2026-09-15,fixed
RU000A10C3F4,Сплит ПВ-1,AAA,RUB,9000.0,100.15,460.0,17.45,16.48,0.5,-0.08,16.5,,2028-12-29,2025-08-12,Отсутствует,СФО Сплит Финанс,Банки,Отличная,1000.0,12,2026-09-29,есть,2026-09-15,fixed
RU000A10DNX7,Сплит ПВ-2,AAA,RUB,4500.0,101.1,389.0,17.14,17.11,0.8,0.02,17.3,,2029-04-30,2026-01-29,Отсутствует,СФО Сплит Финанс,,Отличная,1000.0,12,2026-09-30,есть,2026-09-15,fixed
RU000A10FGH9,Сплит ПВ-3,AAA,RUB,8000.0,101.49,269.0,17.31,16.75,1.61,0.09,17.0,,2030-05-03,2026-07-21,Отсутствует,СФО Сплит Финанс,,Отличная,1000.0,12,2026-10-03,есть,2026-09-15,fixed
RU000A102H34,СтаврКрай4,A+,RUB,700.0,91.03,113.0,14.96,6.81,1.2,-0.11,6.2,,2027-12-14,2020-12-15,Отсутствует,Ставропольский край,Субфедеральный долг,Средняя,100.0,4,2026-12-08,есть,2026-09-15,fixed
RU000A10D3R8,СтанкоМаш1,BB,RUB,250.0,87.69,2410.0,38.17,27.08,1.34,-0.14,23.75,,2028-10-11,2025-10-15,Отсутствует,СтанкоМашСтрой,Промышленность,Средняя,1000.0,4,2026-10-14,есть,2026-09-15,fixed
RU000A10BP46,Страна 03,BBB/BBB-,RUB,1000.0,101.99,284.0,15.79,25.98,0.17,-0.09,26.5,2026-11-18,2028-05-11,2025-05-27,Колл,Элит-Строй,Недвижимость,Отличная,1000.0,12,2026-09-19,отсутствует,2026-09-15,fixed
RU000A10E6J7,Страна2Р2,BBB/BBB-,RUB,1000.0,102.1,1179.0,24.99,24.73,0.77,0.15,25.25,,2027-07-24,2026-01-30,Отсутствует,Элит-Строй,Недвижимость,Отличная,1000.0,12,2026-09-27,отсутствует,2026-09-15,fixed
RU000A10FLJ5,Страна2Р3,BBB/BBB-,RUB,255.0,98.7,912.0,23.91,21.28,2.1,-0.49,21.0,2028-06-27,2029-06-22,2026-07-08,Колл,Элит-Строй,Недвижимость,Отличная,1000.0,12,2026-10-06,отсутствует,2026-09-15,fixed
RU000A10DEM9,СтройДор01,BBB+,RUB,300.0,100.6,467.0,17.64,20.38,0.15,0.2,20.5,,2026-11-09,2025-11-14,Отсутствует,СтройДорСервис,Недвижимость,Отличная,1000.0,12,2026-10-10,отсутствует,2026-09-15,fixed
RU000A1098T4,Сульфур1P1,B,RUB,229.0,92.45,3114.0,44.14,27.04,0.61,-0.65,25.0,,2027-08-12,2024-08-15,Отсутствует,SibSulfur,Удобрения,Средняя,1000.0,4,2026-11-12,есть,2026-09-15,fixed
RU000A10DDT6,Сульфур1P2,B,RUB,264.0,90.01,2371.0,38.41,31.11,1.85,-0.35,28.0,2027-11-10,2029-11-07,2025-11-12,Колл,SibSulfur,Удобрения,Средняя,1000.0,4,2026-11-11,есть,2026-09-15,fixed
RU000A0ZYU54,Сферфин1P1,,RUB,1000.0,99.9,92.0,14.1,14.01,0.42,0.0,14.0,2027-02-10,2033-02-02,2018-02-21,Пут,Сфера финансов,МФО,Хорошая,1000.0,2,2027-02-10,отсутствует,2026-09-15,fixed
RU000A0ZZNL8,Сферфин1P2,,RUB,1250.0,99.9,76.0,13.95,14.01,0.18,0.0,14.0,2026-11-12,2033-05-05,2018-10-03,Пут,Сфера финансов,МФО,Хорошая,1000.0,2,2026-11-12,отсутствует,2026-09-15,fixed
RU000A0ZZS73,Сферфин1P3,,RUB,250.0,99.95,48.0,13.67,14.01,0.18,-0.05,14.0,2026-11-12,2033-05-05,2018-11-07,Пут,Сфера финансов,МФО,Хорошая,1000.0,2,2026-11-12,отсутствует,2026-09-15,fixed
RU000A1084B2,СэтлГрБ2P3,A/A-,RUB,12000.0,100.45,446.0,17.27,16.92,0.47,-0.05,17.0,,2027-03-14,2024-03-29,Отсутствует,Сэтл Групп,Недвижимость,Отличная,1000.0,12,2026-10-15,отсутствует,2026-09-15,fixed
RU000A10B8M0,СэтлГрБ2P4,A/A-,RUB,6000.0,100.21,349.0,17.77,23.85,0.04,-0.15,23.9,2026-09-29,2030-03-12,2025-04-07,Пут,Сэтл Групп,Недвижимость,Отличная,1000.0,12,2026-09-29,отсутствует,2026-09-15,fixed
RU000A10C2L4,СэтлГрБ2P6,A/A-,RUB,5000.0,101.16,497.0,17.69,19.28,0.38,0.2,19.5,2027-02-05,2029-06-24,2025-07-15,Пут,Сэтл Групп,Недвижимость,Отличная,1000.0,12,2026-10-08,отсутствует,2026-09-15,fixed
RU000A10EK06,СэтлГрБ2P7,A/A-,RUB,5500.0,100.16,365.0,17.66,16.47,1.31,0.01,16.5,,2028-03-05,2026-03-16,Отсутствует,Сэтл Групп,Недвижимость,Отличная,1000.0,12,2026-10-12,отсутствует,2026-09-15,fixed
RU000A1090A1,ТАЛК001P02,BBB,RUB,4.0,103.48,-243.0,10.3,17.64,0.41,-0.04,18.25,,2027-07-04,2024-07-19,Отсутствует,ТАЛК Лизинг,Лизинг,Плохая,400.0,12,2026-10-07,есть,2026-09-15,fixed
RU000A10CUF1,ТАЛК002P03,BBB,RUB,200.0,100.0,962.0,23.54,20.0,1.26,0.19,20.0,2026-09-24,2029-09-08,2025-09-29,Пут,ТАЛК Лизинг,Лизинг,Средняя,1000.0,12,2026-09-24,есть,2026-09-15,fixed
RU000A10E5S0,ТАЛК002P04,BBB,RUB,129.0,98.43,860.0,22.99,24.38,1.48,-0.28,24.0,,2030-01-05,2026-01-26,Отсутствует,ТАЛК Лизинг,Лизинг,Погранично хорошая,1000.0,12,2026-09-23,есть,2026-09-15,fixed
RU000A10FPN8,ТАЛК003P01,BBB,RUB,28.0,100.15,873.0,23.41,21.27,1.8,-0.15,21.3,,2030-06-29,2026-07-20,Отсутствует,ТАЛК Лизинг,Лизинг,Хорошая,1000.0,12,2026-09-18,есть,2026-09-15,fixed
RU000A10DSX6,ТАЛЬВЕН Б1,BBB,RUB,563.0,92.6,1455.0,29.24,23.76,1.81,-0.07,22.0,2027-12-13,2028-12-11,2025-12-15,Колл,Тальвен,Недвижимость,Отличная,1000.0,4,2026-12-14,отсутствует,2026-09-15,fixed
RU000A10B7T7,ТБ-3_01,,RUB,444.0,100.08,1416.0,27.16,24.98,0.12,0.03,25.0,,2026-12-26,2025-04-02,Отсутствует,СФО ТБ-3,Банки,Отличная,98.77,12,2026-09-26,есть,2026-09-15,fixed
RU000A10CFK2,ТБ-4_А1,AAA,RUB,10000.0,100.15,407.0,16.78,15.98,0.39,0.13,16.0,,2027-08-21,2025-08-22,Отсутствует,СФО ТБ-4,Банки,Отличная,1000.0,12,2026-09-21,есть,2026-09-15,fixed
RU000A10DBM5,ТБ-5_01,AAA,RUB,12000.0,102.32,246.0,17.02,16.91,1.56,0.04,17.3,2028-01-24,2029-09-24,2025-11-13,Колл,СФО ТБ-5,Банки,Отличная,1000.0,12,2026-09-24,есть,2026-09-15,fixed
RU000A10DSC0,ТБ-6_Б1,,RUB,8000.0,103.9,239.0,17.07,17.32,1.81,0.16,18.0,,2029-11-03,2025-12-16,Отсутствует,СФО ТБ-6,Банки,Отличная,1000.0,12,2026-10-03,есть,2026-09-15,fixed
RU000A10DSD8,ТБ-6_Б2,,RUB,4000.0,103.2,282.0,17.51,17.44,1.81,-0.2,18.0,,2029-11-03,2025-12-16,Отсутствует,СФО ТБ-6,Банки,Отличная,1000.0,12,2026-10-03,есть,2026-09-15,fixed
RU000A0JWUB5,ТБанкБО12,AA,RUB,7000.0,103.7,-4899.0,-36.1,0.96,0.1,,1.0,,2026-09-29,2016-09-29,Отсутствует,Т Банк,Банки,Очень плохая,1000.0,2,2026-09-29,отсутствует,2026-09-15,fixed
RU000A106MW0,ТГК-14 1Р2,BBB,RUB,1950.0,94.64,800.0,21.27,13.58,0.81,-0.16,12.85,,2027-07-27,2023-08-01,Отсутствует,ТГК-14,Инфраструктура,Отличная,1000.0,4,2026-10-27,отсутствует,2026-09-15,fixed
RU000A10AEF9,ТГК-14 1Р3,BBB,RUB,150.0,117.18,187.0,16.12,22.61,1.42,-0.26,26.5,,2028-06-01,2024-12-19,Отсутствует,ТГК-14,Инфраструктура,Средняя,1000.0,12,2026-10-10,отсутствует,2026-09-15,fixed
RU000A10AS02,ТГК-14 1Р5,BBB,RUB,4500.0,108.12,766.0,22.33,22.89,1.78,0.13,24.75,,2029-01-09,2025-01-30,Отсутствует,ТГК-14,Инфраструктура,Отличная,1000.0,12,2026-09-22,отсутствует,2026-09-15,fixed
RU000A10BPF3,ТГК-14 1Р7,BBB,RUB,6500.0,101.92,773.0,22.4,21.09,2.62,0.11,21.5,,2030-05-23,2025-05-29,Отсутствует,ТГК-14,Инфраструктура,Отличная,1000.0,4,2026-11-26,отсутствует,2026-09-15,fixed
RU000A105NB4,ТГК-1БО1P1,AAA/AA+,RUB,5000.0,99.91,195.0,14.82,15.01,0.25,-0.31,15.0,2026-12-17,2027-12-16,2022-12-22,Пут,ТГК-1,Инфраструктура,Плохая,1000.0,2,2026-12-17,отсутствует,2026-09-15,fixed
RU000A103TS0,ТЕХЛиз 1P5,BB+,RUB,339.0,87.98,1764.0,30.92,13.07,0.82,-0.01,11.5,,2027-09-03,2021-10-04,Отсутствует,Технолизинг,Лизинг,Средняя,800.0,12,2026-10-08,есть,2026-09-15,fixed
RU000A107FN1,ТЕХЛиз 1P6,BB+,RUB,300.0,81.72,1854.0,33.18,20.8,1.68,-0.62,17.0,,2028-11-24,2023-12-21,Отсутствует,Технолизинг,Лизинг,Средняя,1000.0,12,2026-10-06,есть,2026-09-15,fixed
RU000A10BBG1,ТЕХЛиз 1P7,BB+,RUB,630.0,98.4,1907.0,32.63,27.44,1.03,-0.04,27.0,,2030-03-16,2025-04-11,Отсутствует,Технолизинг,Лизинг,Отличная,900.0,12,2026-10-03,есть,2026-09-15,fixed
RU000A10EMJ6,ТЕХЛиз 1P8,BB+,RUB,476.0,93.04,1748.0,32.14,25.8,1.75,-0.2,24.0,,2029-03-04,2026-03-20,Отсутствует,Технолизинг,Лизинг,Погранично хорошая,1000.0,12,2026-09-16,есть,2026-09-15,fixed
RU000A10B6K8,ТЕХНЛГ 02,BB,RUB,200.0,99.95,2059.0,36.36,28.01,0.01,-0.04,28.0,2026-09-18,2026-09-18,2025-03-27,Колл,Технология,Розница,Отличная,1000.0,12,2026-09-18,отсутствует,2026-09-15,fixed
RU000A10DXM9,ТЕХНЛГ 03,BB,RUB,42.0,100.16,1144.0,26.09,23.46,1.72,-0.09,23.5,2026-12-17,2028-12-06,2025-12-22,Колл,Технология,Розница,Плохая,1000.0,12,2026-09-18,отсутствует,2026-09-15,fixed
RU000A10FVC9,ТЕХНЛГ 04,BB,RUB,108.0,100.13,1041.0,25.21,22.72,2.13,0.0,22.75,2028-02-05,2029-07-29,2026-08-14,Колл,Технология,Розница,Погранично хорошая,1000.0,12,2026-10-13,отсутствует,2026-09-15,fixed
RU000A108DH6,ТКБ СУБ-ЗО,BBB,USD,60.0,85.0,1140.0,19.89,15.59,3.02,0.0,13.25,2030-10-18,,2024-06-20,Колл,Транскапитал Банк,Банки,Не определена,1000.0,4,2026-09-18,отсутствует,2026-09-15,fixed
RU000A109RF8,ТЛК 1Р1,BB-,RUB,27.0,99.57,2047.0,34.85,23.1,0.04,0.23,23.0,2026-09-28,2027-09-23,2024-10-08,Пут,Транспортная Лизинговая Компания,Лизинг,Хорошая,725.0,12,2026-09-28,есть,2026-09-15,fixed
RU000A10BJL4,ТЛК 1Р2,BB-,RUB,167.0,98.64,1780.0,30.6,24.33,0.46,0.14,24.0,2027-04-26,2028-04-20,2025-05-06,Пут,Транспортная Лизинговая Компания,Лизинг,Отличная,833.6,12,2026-09-28,есть,2026-09-15,fixed
RU000A10BTQ2,ТЛК 1Р3,BB-,RUB,175.0,97.7,1875.0,31.67,24.05,0.55,-0.11,23.5,2027-06-09,2028-06-03,2025-06-19,Пут,Транспортная Лизинговая Компания,Лизинг,Отличная,875.2,12,2026-10-12,есть,2026-09-15,fixed
RU000A10CZ35,ТЛК 1Р4,BB-,RUB,59.0,98.98,1887.0,31.7,24.25,0.27,0.33,24.0,2026-12-26,2028-09-16,2025-10-02,Пут,Транспортная Лизинговая Компания,Лизинг,Отличная,1000.0,12,2026-09-27,есть,2026-09-15,fixed
RU000A10F595,ТЛК 1Р5,BB-,RUB,250.0,100.19,1472.0,29.17,25.95,1.51,-0.19,26.0,2027-11-04,2029-04-27,2026-05-13,Колл,Транспортная Лизинговая Компания,Лизинг,Отличная,1000.0,12,2026-10-10,есть,2026-09-15,fixed
RU000A0JXTY7,ТМК 1P4,,RUB,9900.0,100.22,92.0,14.05,13.97,0.7,0.24,14.0,,2027-06-08,2017-06-20,Отсутствует,ЧТПЗ,Промышленность,Плохая,1000.0,2,2026-12-08,отсутствует,2026-09-15,fixed
RU000A10EAS2,ТМК 2P01,A+/A-,RUB,19000.0,80.0,383.0,18.62,8.25,2.11,0.0,6.6,2029-01-02,2035-12-27,2026-02-17,Пут,ТМК,Металлургия,Средняя,1000.0,12,2026-10-15,отсутствует,2026-09-15,fixed
RU000A107JN3,ТМК ЗО2027,A+/A-,USD,350.0,94.91,894.0,17.68,4.53,0.41,0.61,4.3,,2027-02-12,2024-01-10,Отсутствует,ТМК,Промышленность,Не определена,1000.0,2,2027-02-12,отсутствует,2026-09-15,fixed
RU000A108BX7,ТатнхимP02,BB+,RUB,300.0,101.55,600.0,18.89,20.19,0.53,0.0,20.5,2027-04-10,2029-03-30,2024-04-25,Пут,Татнефтехим,Нефть и Газ,Хорошая,1000.0,6,2026-10-12,есть,2026-09-15,fixed
RU000A10G072,ТатнхимP03,BB+,RUB,95.0,99.99,900.0,22.34,20.5,0.88,-0.04,20.5,2027-08-30,2031-08-09,2026-09-04,Пут,Татнефтехим,Нефть и Газ,Отличная,1000.0,6,2026-11-03,есть,2026-09-15,fixed
RU000A0JX2F6,ТбанкБ11,AA,RUB,5000.0,99.81,97.0,13.81,13.53,0.27,,13.5,,2026-12-20,2016-12-20,Отсутствует,Т Банк,Банки,Очень плохая,1000.0,2,2026-12-20,отсутствует,2026-09-15,fixed
RU000A0JX2D1,ТбанкБ12,,RUB,4995.0,107.6,-2529.0,-12.15,12.55,0.29,3.6,13.5,,2026-12-20,2016-12-20,Отсутствует,Росбанк,Банки,Очень плохая,1000.0,2,2026-12-20,отсутствует,2026-09-15,fixed
RU000A1087A7,ТелХолБ2-6,A,RUB,8000.0,99.82,364.0,16.49,15.03,0.5,0.02,15.0,,2027-03-25,2024-04-09,Отсутствует,ЭР-Телеком Холдинг,Телекоммуникации,Отличная,1000.0,12,2026-09-26,отсутствует,2026-09-15,fixed
RU000A10B0Z9,ТелХолБ2-9,A,RUB,3500.0,99.25,338.0,17.33,15.62,1.28,0.65,15.5,,2028-02-20,2025-03-07,Отсутствует,ЭР-Телеком Холдинг,Телекоммуникации,Отличная,1000.0,12,2026-09-28,отсутствует,2026-09-15,fixed
RU000A10DEN7,ТомОб34075,BBB+,RUB,8000.0,100.69,238.0,16.95,16.09,1.56,-0.01,16.2,,2028-12-06,2025-11-14,Отсутствует,Томская область,Субфедеральный долг,Отличная,1000.0,12,2026-09-18,есть,2026-09-15,fixed
RU000A10DWQ2,ТомОб34076,BBB+,RUB,2000.0,100.48,201.0,16.79,15.92,2.75,0.18,16.0,,2030-11-26,2025-12-18,Отсутствует,Томская область,Субфедеральный долг,Хорошая,1000.0,4,2026-09-18,есть,2026-09-15,fixed
RU000A10DZN2,ТомОб35078,BBB+,RUB,600.0,99.84,72.0,16.03,15.12,3.58,0.04,15.1,,2032-10-06,2025-12-26,Отсутствует,Томская область,Субфедеральный долг,Отличная,1000.0,4,2026-09-18,есть,2026-09-15,fixed
RU000A10A6J1,ТомскАдм 9,BBB+,RUB,360.0,103.45,-102.0,11.85,25.13,0.23,-0.19,26.0,,2026-12-12,2024-11-28,Отсутствует,Томск,Субфедеральный долг,Отличная,300.0,12,2026-10-11,есть,2026-09-15,fixed
RU000A1024L7,Томскобл20,BBB+,RUB,1600.0,94.45,117.0,14.45,7.09,0.82,0.01,6.7,,2027-07-23,2020-09-17,Отсутствует,Томская область,Субфедеральный долг,Средняя,200.0,4,2026-10-26,есть,2026-09-15,fixed
RU000A10AC75,Томскобл24,BBB+,RUB,4500.0,106.15,371.0,16.66,24.49,0.58,-0.19,26.0,,2027-12-12,2024-12-17,Отсутствует,Томская область,Субфедеральный долг,Хорошая,750.0,12,2026-09-18,есть,2026-09-15,fixed
RU000A10BW70,Томскобл25,BBB+,RUB,5000.0,103.0,318.0,17.06,17.72,1.24,-0.14,18.25,,2028-03-13,2025-06-27,Отсутствует,Томская область,Субфедеральный долг,Отличная,1000.0,12,2026-09-18,есть,2026-09-15,fixed
RU000A10F470,ТрансКо2P3,AA-,RUB,10000.0,100.99,247.0,17.26,16.34,2.12,0.0,16.5,,2029-04-20,2026-05-06,Отсутствует,Трансконтейнер,Транспорт,Отличная,1000.0,12,2026-10-03,отсутствует,2026-09-15,fixed
RU000A10FW92,ТрансКо2P5,AA-,RUB,5000.0,99.85,300.0,17.63,16.27,1.62,0.13,16.25,,2028-08-08,2026-08-19,Отсутствует,Трансконтейнер,Транспорт,Отличная,1000.0,12,2026-09-18,отсутствует,2026-09-15,fixed
RU000A107FG5,ТрансМ БО2,,RUB,285.0,106.3,1251.0,25.92,28.22,0.93,0.68,30.0,,2027-11-30,2023-12-21,Отсутствует,Транс-Миссия,IT,Средняя,950.0,12,2026-10-06,есть,2026-09-15,fixed
RU000A0ZYEB1,ТрансФ1P04,A+/A,RUB,9235.0,97.7,1069.0,23.58,18.42,0.54,0.2,18.0,2027-04-15,2027-10-14,2017-10-26,Пут,Трансфинанс-М,Лизинг,Хорошая,1000.0,2,2026-10-15,отсутствует,2026-09-15,fixed
RU000A0ZYFS2,ТрансФ1P05,A+/A,RUB,150.0,124.97,-3006.0,-16.83,14.0,0.6,32.25,17.5,2027-05-05,2027-11-03,2017-11-15,Пут,Трансфинанс-М,Лизинг,Плохая,1000.0,2,2026-11-04,отсутствует,2026-09-15,fixed
RU000A1010B7,ТрнфБО1P13,AAA,RUB,15000.0,99.1,109.0,14.08,6.91,0.12,-0.04,6.85,,2026-10-30,2019-11-08,Отсутствует,Транснефть,Транспорт,Отличная,1000.0,2,2026-10-30,отсутствует,2026-09-15,fixed
RU000A10BTT6,УЛК1Р01,BBB,RUB,1000.0,102.81,924.0,22.32,23.83,0.67,-0.01,24.5,,2027-06-09,2025-06-19,Отсутствует,Универсальная Лизинговая Компания,Лизинг,Отличная,1000.0,12,2026-10-12,отсутствует,2026-09-15,fixed
RU000A10C9Z9,УПТК65 1P1,BB,RUB,200.0,92.56,1476.0,29.46,24.85,2.49,-0.24,23.0,2027-01-27,2030-07-10,2025-08-05,Колл,УПТК-65,Металлургия,Средняя,1000.0,12,2026-09-29,отсутствует,2026-09-15,fixed
RU000A10ERD8,УПТК65 1P2,BB,RUB,83.0,91.42,1426.0,29.06,24.06,2.36,-0.58,22.0,2028-01-23,2031-03-08,2026-04-03,Колл,УПТК-65,Металлургия,Средняя,1000.0,12,2026-09-30,есть,2026-09-15,fixed
RU000A0JWT91,Удмурт2016,,RUB,2500.0,99.92,417.0,19.8,10.56,0.01,-0.07,10.55,,2026-09-19,2016-09-21,Отсутствует,Удмуртия,Субфедеральный долг,Отличная,500.0,4,2026-09-19,есть,2026-09-15,fixed
RU000A1040S8,Ульоб34004,BBB,RUB,900.0,99.29,138.0,14.34,9.62,0.15,-0.04,9.55,,2026-11-10,2021-11-16,Отсутствует,Ульяновская область,Субфедеральный долг,Отличная,300.0,4,2026-11-10,есть,2026-09-15,fixed
RU000A106607,Ульоб34005,BBB,RUB,1500.0,94.51,241.0,16.24,11.22,1.21,0.71,10.6,,2028-04-26,2023-04-27,Отсутствует,Ульяновская область,Субфедеральный долг,Хорошая,500.0,4,2026-10-22,есть,2026-09-15,fixed
RU000A1087F6,Ульоб34008,BBB,RUB,3000.0,99.98,292.0,16.99,16.0,1.33,-0.01,16.0,,2029-04-05,2024-04-11,Отсутствует,Ульяновская область,Субфедеральный долг,Отличная,1000.0,4,2026-10-08,есть,2026-09-15,fixed
RU000A109RR3,Ульоб34009,BBB,RUB,3000.0,116.66,-18.0,14.52,19.29,1.84,0.4,22.5,,2029-10-04,2024-10-10,Отсутствует,Ульяновская область,Субфедеральный долг,Хорошая,1000.0,4,2026-11-07,есть,2026-09-15,fixed
RU000A10BTJ7,Ульоб34010,BBB,RUB,2800.0,102.79,326.0,16.94,18.0,1.11,-0.04,18.5,,2028-07-14,2025-06-19,Отсутствует,Ульяновская область,Субфедеральный долг,Отличная,700.0,4,2026-10-16,есть,2026-09-15,fixed
RU000A10DBD4,Ульоб34011,BBB,RUB,2000.0,102.17,282.0,16.62,17.13,1.19,0.0,17.5,,2028-09-26,2025-10-30,Отсутствует,Ульяновская область,Субфедеральный долг,Отличная,1000.0,4,2026-09-29,есть,2026-09-15,fixed
RU000A10F751,Ульоб34013,BBB,RUB,6000.0,97.68,219.0,16.83,14.59,1.67,-0.02,14.25,,2029-05-05,2026-05-21,Отсутствует,Ульяновская область,Субфедеральный долг,Отличная,1000.0,12,2026-09-18,есть,2026-09-15,fixed
RU000A101U61,Ульоб35002,BBB,RUB,2100.0,95.49,220.0,15.18,6.91,0.59,-0.17,6.6,,2027-06-25,2020-06-26,Отсутствует,Ульяновская область,Субфедеральный долг,Отличная,300.0,2,2026-12-25,есть,2026-09-15,fixed
RU000A106AU9,УльтраБО1,,RUB,110.0,99.42,1058.0,23.41,20.12,0.48,0.04,20.0,,2027-05-09,2023-05-30,Отсутствует,Ультра,Металлургия,Плохая,440.0,12,2026-10-11,есть,2026-09-15,fixed
RU000A1078K5,УльтраБО2,,RUB,100.0,90.7,1904.0,32.56,20.67,1.01,-0.09,18.75,,2027-10-31,2023-11-21,Отсутствует,Ультра,Металлургия,Плохая,1000.0,12,2026-10-06,отсутствует,2026-09-15,fixed
RU000A107F07,Унител БО1,BB-,RUB,150.0,96.12,2294.0,35.8,15.61,0.25,0.44,15.0,,2026-12-16,2023-12-20,Отсутствует,Унител,Телекоммуникации,Средняя,1000.0,4,2026-09-16,отсутствует,2026-09-15,fixed
RU000A10BS68,УралСт1Р04,BB-,USD,20.0,87.91,1885.0,27.41,14.5,1.11,0.59,12.75,,2027-11-28,2025-06-11,Отсутствует,Уральская Сталь,Металлургия,Хорошая,100.0,12,2026-10-04,отсутствует,2026-09-15,fixed
RU000A10CLX3,УралСт1Р05,BB-,RUB,4000.0,89.08,1792.0,31.79,20.77,1.23,0.06,18.5,,2028-02-15,2025-08-29,Отсутствует,Уральская Сталь,Металлургия,Отличная,1000.0,12,2026-09-23,отсутствует,2026-09-15,fixed
RU000A10D2Y6,УралСт1Р06,BB-,RUB,2388.0,92.01,1644.0,30.47,22.28,1.32,-0.24,20.5,,2028-03-31,2025-10-13,Отсутствует,Уральская Сталь,Металлургия,Хорошая,1000.0,12,2026-10-08,отсутствует,2026-09-15,fixed
RU000A10C6M3,Уралкуз1Р1,A- (BBB+),RUB,1000.0,97.7,1250.0,25.69,20.47,0.76,-0.07,20.0,,2027-07-15,2025-07-25,Отсутствует,Уральская кузница,Промышленность,Отличная,1000.0,12,2026-09-18,отсутствует,2026-09-15,fixed
RU000A10D319,Уралкуз1Р2,A- (BBB+),CNY,31.0,91.61,1244.0,19.51,14.19,1.78,-0.82,13.0,,2028-09-27,2025-10-13,Отсутствует,Уральская кузница,Промышленность,Средняя,100.0,12,2026-10-08,отсутствует,2026-09-15,fixed
RU000A10DBV6,Уралкуз1Р3,A- (BBB+),RUB,1486.0,97.69,1136.0,24.84,20.47,0.98,0.11,20.0,,2027-10-21,2025-10-31,Отсутствует,Уральская кузница,Промышленность,Хорошая,1000.0,12,2026-09-26,отсутствует,2026-09-15,fixed
RU000A108FE8,УрожайБО04,CCC,RUB,450.0,56.93,9496.0,108.46,35.13,0.99,-0.5,20.0,,2027-11-11,2024-05-16,Отсутствует,Урожай,Сельское хозяйство,Средняя,1000.0,4,2026-11-12,отсутствует,2026-09-15,fixed
RU000A108U49,УрожайБО05,CCC,RUB,160.0,56.51,9726.0,110.46,0.02,0.77,-3.08,0.01,,2027-06-23,2024-06-26,Отсутствует,Урожай,Сельское хозяйство,Плохая,1000.0,4,2026-09-23,отсутствует,2026-09-15,fixed
RU000A10ESF1,ФДВФакт1P1,,RUB,300.0,103.7,738.0,20.81,22.18,0.93,0.44,23.0,2027-10-01,2029-09-20,2026-04-09,Пут,ФДВ Факторинг,Факторинг,Хорошая,1000.0,12,2026-10-06,есть,2026-09-15,fixed
RU000A10CT74,ФЕРА1Р1,BB+,RUB,76.0,99.4,11342.0,129.19,21.13,0.01,-0.5,21.0,2026-09-18,2028-09-07,2025-09-23,Пут,Фера,Лизинг,Плохая,760.0,12,2026-09-18,есть,2026-09-15,fixed
RU000A10BQG9,ФЛИТ 1P1,A-,RUB,500.0,108.0,222.0,16.49,19.26,1.43,0.0,20.8,,2028-05-19,2025-06-04,Отсутствует,"ООО ""ФЛИТ""",Лизинг,Плохая,1000.0,12,2026-09-27,отсутствует,2026-09-15,fixed
RU000A10ER41,ФЛИТ 1Р3,A-,RUB,917.0,99.98,353.0,17.25,16.0,1.11,-0.01,16.0,,2029-03-18,2026-04-03,Отсутствует,"ООО ""ФЛИТ""",Лизинг,Плохая,916.7,12,2026-09-30,есть,2026-09-15,fixed
RU000A10EY26,ФЛИТ 1Р4,A-,RUB,1678.0,100.0,379.0,17.23,16.0,0.91,0.01,16.0,,2029-04-08,2026-04-24,Отсутствует,"ООО ""ФЛИТ""",Лизинг,Плохая,839.0,12,2026-09-21,есть,2026-09-15,fixed
RU000A10DYC8,ФПК2Р01,AA+,RUB,30000.0,101.29,109.0,15.57,15.2,1.52,0.09,15.4,,2028-06-10,2025-12-23,Отсутствует,Федеральная Пассажирская Компания (ФПК),Транспорт,Отличная,1000.0,12,2026-09-19,отсутствует,2026-09-15,fixed
RU000A0ZYJ91,ФСК РС Б4,AAA,RUB,111.0,99.83,-10.0,12.82,12.02,0.19,-0.31,12.0,2026-11-25,2052-10-23,2017-12-06,Пут,Россети (ФСК),Инфраструктура,Плохая,1000.0,4,2026-11-25,отсутствует,2026-09-15,fixed
RU000A1056S4,ФСК РС Б5,AAA,RUB,10000.0,99.98,-387.0,11.91,8.5,0.01,0.02,8.5,2026-09-18,2057-08-10,2022-09-23,Пут,Россети (ФСК),Инфраструктура,Средняя,1000.0,4,2026-09-18,отсутствует,2026-09-15,fixed
RU000A105DN0,ФСК РС БО6,AAA,RUB,10000.0,99.6,-313.0,10.45,9.74,1.11,,9.7,2027-11-02,2057-09-25,2022-11-08,Пут,Россети (ФСК),Инфраструктура,Очень плохая,1000.0,4,2026-11-03,отсутствует,2026-09-15,fixed
RU000A0JSQ58,ФСК РС-22,AAA,RUB,10000.0,98.36,-100.0,12.41,10.17,0.83,-0.11,10.0,,2027-07-21,2012-08-08,Отсутствует,Россети (ФСК),Инфраструктура,Плохая,1000.0,2,2027-01-20,отсутствует,2026-09-15,fixed
RU000A101CL5,ФСК РС1Р4,AAA,RUB,7862.0,78.5,98.0,15.93,8.6,2.93,0.07,6.75,2030-01-17,2035-01-11,2020-01-30,Пут,Россети (ФСК),Инфраструктура,Средняя,1000.0,4,2026-10-22,отсутствует,2026-09-15,fixed
RU000A105559,ФСК РС1Р6,AAA,RUB,15000.0,98.44,-108.0,12.3,10.16,0.9,0.67,10.0,2027-08-25,2032-08-18,2022-08-31,Пут,Россети (ФСК),Инфраструктура,Плохая,1000.0,4,2026-11-25,отсутствует,2026-09-15,fixed
RU000A10CRG5,ФеррумБП2,,RUB,250.0,90.94,4157.0,54.35,25.29,0.46,1.38,23.0,2027-03-11,2028-10-31,2025-09-17,Пут,Феррум,Промышленность,Средняя,1000.0,12,2026-10-12,отсутствует,2026-09-15,fixed
RU000A10FTM2,Филберт01,BBB-,RUB,500.0,101.23,764.0,22.18,20.74,1.55,0.2,21.0,2028-07-26,2031-07-11,2026-08-06,Колл,"ООО ПКО ""Филберт""",МФО,Отличная,1000.0,12,2026-10-05,есть,2026-09-15,fixed
RU000A10DLN2,Финэква1Р1,,RUB,600.0,102.99,1001.0,24.16,23.3,1.37,-0.16,24.0,2028-05-15,2029-11-06,2025-11-27,Колл,Финэква,МФО,Погранично хорошая,1000.0,12,2026-09-23,есть,2026-09-15,fixed
RU000A10ENT3,Финэква1Р2,,RUB,1000.0,102.64,897.0,23.58,22.41,1.6,-0.01,23.0,2028-09-11,2030-03-05,2026-03-26,Колл,Финэква,МФО,Хорошая,1000.0,12,2026-09-22,есть,2026-09-15,fixed
RU000A106Q47,Фордевинд3,BB+,RUB,417.0,99.37,844.0,21.37,16.1,0.18,-0.18,16.0,,2027-01-21,2023-08-10,Отсутствует,Фордевинд,МФО,Отличная,834.0,12,2026-09-23,есть,2026-09-15,fixed
RU000A106SE5,Фордевинд4,BB+,RUB,250.0,99.5,810.0,21.0,17.09,0.23,-0.03,17.0,,2027-02-08,2023-08-28,Отсутствует,Фордевинд,МФО,Отличная,834.0,12,2026-10-11,есть,2026-09-15,fixed
RU000A108AK6,Фордевинд5,BB+,RUB,431.0,102.38,597.0,18.84,21.49,0.52,0.33,22.0,2027-04-03,2027-09-30,2024-04-18,Пут,Фордевинд,МФО,Хорошая,1000.0,12,2026-10-05,есть,2026-09-15,fixed
RU000A108WV7,Фордевинд6,BB+,RUB,38.0,103.39,199.0,15.35,18.38,0.72,-0.11,19.0,2027-06-20,2027-12-17,2024-07-05,Пут,Фордевинд,МФО,Плохая,1000.0,12,2026-09-23,есть,2026-09-15,fixed
RU000A108LP2,ФосА1П1USD,AAA,USD,100.0,93.16,103.0,9.45,6.71,2.5,-0.32,6.25,,2029-05-31,2024-06-06,Отсутствует,Фосагро,Удобрения,Отличная,100.0,4,2026-12-03,отсутствует,2026-09-15,fixed
RU000A106G56,ФосАЗО28-Д,AAA,USD,383.0,88.0,105.0,9.53,2.95,1.96,-0.45,2.6,,2028-09-16,2023-07-03,Отсутствует,Фосагро,Удобрения,Не определена,1000.0,2,2026-09-16,отсутствует,2026-09-15,fixed
RU000A10B7J8,ФосАгро2П3,AAA,USD,642.0,98.75,59.0,9.17,7.59,0.97,-0.25,7.5,,2027-09-18,2025-04-01,Отсутствует,Фосагро,Удобрения,Отличная,1000.0,12,2026-09-23,отсутствует,2026-09-15,fixed
RU000A10CZ68,ФосАгро2П4,AAA,USD,250.0,96.4,80.0,9.28,7.26,1.93,-0.22,7.0,,2028-10-12,2025-10-02,Отсутствует,Фосагро,Удобрения,Отличная,1000.0,12,2026-09-27,отсутствует,2026-09-15,fixed
RU000A10EER6,ФосАгро2П5,AAA,CNY,1500.0,99.68,127.0,8.38,8.03,2.45,-0.32,8.0,,2029-05-29,2026-03-03,Отсутствует,Фосагро,Удобрения,Отличная,1000.0,4,2026-12-01,отсутствует,2026-09-15,fixed
RU000A10ER66,ФосАгро2П6,AAA,RUB,70000.0,98.56,61.0,15.41,13.95,2.17,-0.03,13.75,,2029-04-16,2026-04-02,Отсутствует,Фосагро,Удобрения,Отличная,1000.0,12,2026-09-29,отсутствует,2026-09-15,fixed
RU000A10E283,ХРОМОС Б4,BB,RUB,260.0,102.36,387.0,16.71,23.94,0.26,0.1,24.5,2026-12-24,2028-12-13,2025-12-29,Колл,Хромос Инжинириинг,Промышленность,Хорошая,1000.0,12,2026-09-25,отсутствует,2026-09-15,fixed
RU000A10DWP4,ЦЕНТР-К 01,,RUB,117.0,94.45,1458.0,29.23,23.82,1.7,1.26,22.5,2026-12-13,2028-12-02,2025-12-18,Колл,Центр-К,IT,Средняя,1000.0,12,2026-10-14,есть,2026-09-15,fixed
RU000A107P47,ЦР БО-03,,RUB,140.0,7.0,,,271.43,0.14,0.04,19.0,,2028-01-05,2024-01-26,Отсутствует,Центр-резерв,Сельское хозяйство,Плохая,700.0,12,2026-10-12,есть,2026-09-15,fixed
RU000A10B7D1,ЦР БО-04,,RUB,190.0,8.97,,,328.87,0.1,2.02,29.5,2027-03-21,2028-03-15,2025-03-31,Колл,Центр-резерв,Сельское хозяйство,Плохая,950.0,12,2026-09-22,есть,2026-09-15,fixed
RU000A10CRJ9,ЦР БО-05,,RUB,150.0,6.03,,,414.59,0.26,0.34,25.0,2027-09-07,2028-09-01,2025-09-17,Колл,Центр-резерв,Сельское хозяйство,Плохая,1000.0,12,2026-10-12,есть,2026-09-15,fixed
RU000A10DQM3,ЦР БО-06,,RUB,88.0,6.54,,,382.26,0.32,-0.68,25.0,2027-11-28,2029-11-17,2025-12-08,Колл,Центр-резерв,Сельское хозяйство,Плохая,1000.0,12,2026-10-04,есть,2026-09-15,fixed
RU000A108BQ1,ЦентрИБ13,A+,RUB,300.0,100.4,177.0,14.71,14.94,0.56,0.0,15.0,,2027-04-21,2024-04-24,Отсутствует,Банк Центр-Инвест,Банки,Погранично плохая,1000.0,2,2026-10-21,отсутствует,2026-09-15,fixed
RU000A102FV5,Челяб35001,AA-,RUB,1400.0,90.82,146.0,15.23,6.61,1.17,-0.38,6.0,,2027-11-30,2020-12-08,Отсутствует,Челябинская область,Субфедеральный долг,Средняя,200.0,4,2026-12-01,есть,2026-09-15,fixed
RU000A10B4V0,ЧеркизБ2P1,AA,CNY,500.0,101.72,40.0,7.46,10.62,0.48,-0.59,10.8,,2027-03-14,2025-03-24,Отсутствует,Группа Черкизово,Сельское хозяйство,Отличная,1000.0,12,2026-10-15,отсутствует,2026-09-15,fixed
RU000A10D1J9,ЭЛРЕШ 1Р2,BBB,RUB,1000.0,100.0,1157.0,24.97,22.5,0.92,0.09,22.5,,2027-09-27,2025-10-07,Отсутствует,Электрорешения,Промышленность,Отличная,1000.0,12,2026-10-02,отсутствует,2026-09-15,fixed
RU000A10ECY6,ЭЛРЕШ 1Р3,BBB,RUB,1000.0,100.69,1189.0,25.17,23.34,0.83,0.17,23.5,,2027-08-19,2026-02-25,Отсутствует,Электрорешения,Промышленность,Отличная,1000.0,12,2026-09-23,отсутствует,2026-09-15,fixed
RU000A10FV02,ЭЛРЕШ 1Р4,BBB,RUB,321.0,99.05,1059.0,25.13,22.21,1.55,-0.05,22.0,,2028-08-01,2026-08-12,Отсутствует,Электрорешения,Промышленность,Отличная,1000.0,12,2026-10-11,отсутствует,2026-09-15,fixed
RU000A10DTB0,ЭЛТЕРА-01,BBB,RUB,150.0,103.93,522.0,18.87,20.21,1.09,-0.25,21.0,,2027-12-06,2025-12-16,Отсутствует,Элтера,Промышленность,Средняя,1000.0,12,2026-10-12,отсутствует,2026-09-15,fixed
RU000A105492,ЭНИКА 1Р03,BBB,RUB,25.0,92.86,1028.0,23.61,14.0,0.87,-0.57,13.0,,2027-08-17,2022-08-23,Отсутствует,Энергоника,Промышленность,Плохая,250.0,4,2026-11-17,есть,2026-09-15,fixed
RU000A106R79,ЭНИКА 1Р04,BBB,RUB,180.0,86.51,2145.0,34.91,18.49,0.97,0.06,16.0,,2028-08-10,2023-08-17,Отсутствует,Энергоника,Промышленность,Средняя,600.0,4,2026-11-12,есть,2026-09-15,fixed
RU000A10A4C1,ЭНИКА 1Р05,BBB,RUB,240.0,102.74,1515.0,29.07,27.25,1.25,-1.06,28.0,,2029-10-26,2024-11-21,Отсутствует,Энергоника,Промышленность,Средняя,800.0,12,2026-10-12,есть,2026-09-15,fixed
RU000A10BNK8,ЭНИКА 1Р06,BBB,RUB,300.0,103.44,1330.0,27.93,26.1,1.64,-0.11,27.0,,2030-04-27,2025-05-23,Отсутствует,Энергоника,Промышленность,Хорошая,1000.0,12,2026-10-15,есть,2026-09-15,fixed
RU000A10DBS2,ЭНИКА 1Р07,BBB,RUB,300.0,96.44,1319.0,27.92,23.85,1.93,-0.16,23.0,2028-04-18,2030-10-05,2025-10-31,Колл,Энергоника,Промышленность,Хорошая,1000.0,12,2026-09-26,есть,2026-09-15,fixed
RU000A10FHH7,ЭНплГ1РС10,AA-,CNY,1400.0,99.55,208.0,9.14,8.54,1.62,1.02,8.5,,2028-06-13,2026-06-24,Отсутствует,ЕвроСибЭнерго,Инфраструктура,Отличная,1000.0,12,2026-09-22,отсутствует,2026-09-15,fixed
RU000A10D301,ЭНплГ1РС8,AA-,CNY,1000.0,98.8,345.0,10.51,7.89,0.54,-1.2,7.8,,2027-04-06,2025-10-13,Отсутствует,ЕвроСибЭнерго,Инфраструктура,Отличная,1000.0,12,2026-10-08,отсутствует,2026-09-15,fixed
RU000A10BUM9,ЭТС 1Р07,BBB+,RUB,1000.0,102.48,578.0,18.88,20.49,0.68,0.04,21.0,2027-06-14,2029-06-03,2025-06-24,Пут,Энерготехсервис,Инфраструктура,Средняя,1000.0,12,2026-09-17,отсутствует,2026-09-15,fixed
RU000A10EKX1,ЭТС 1Р09,BBB+,RUB,1000.0,100.48,513.0,19.12,17.91,1.3,-0.07,18.0,2028-03-06,2030-02-24,2026-03-17,Пут,Энерготехсервис,Инфраструктура,Отличная,1000.0,12,2026-10-13,отсутствует,2026-09-15,fixed
RU000A10EJZ8,ЭкоНив1Р01,A+/A,RUB,9000.0,100.99,277.0,17.53,16.59,2.03,-0.06,16.75,,2029-02-28,2026-03-16,Отсутствует,ЭкоНива,Сельское хозяйство,Хорошая,1000.0,12,2026-10-12,отсутствует,2026-09-15,fixed
RU000A10FHY2,ЭкоНив1Р03,A+/A,RUB,3000.0,99.84,237.0,17.04,15.78,1.77,-0.01,15.75,,2028-10-13,2026-06-26,Отсутствует,ЭкоНива,Сельское хозяйство,Отличная,1000.0,12,2026-09-24,отсутствует,2026-09-15,fixed
RU000A1078Y6,ЭконЛиз1Р6,BBB-,RUB,100.0,99.37,655.0,19.49,16.1,0.18,0.23,16.0,,2026-11-19,2023-11-23,Отсутствует,ЭкономЛизинг,Лизинг,Хорошая,1000.0,4,2026-11-19,отсутствует,2026-09-15,fixed
RU000A107SX3,ЭконЛиз1Р7,BBB-,RUB,93.0,98.13,969.0,22.42,16.3,0.41,0.08,16.0,,2027-02-15,2024-02-19,Отсутствует,ЭкономЛизинг,Лизинг,Хорошая,1000.0,4,2026-11-16,отсутствует,2026-09-15,fixed
RU000A10B081,ЭконЛиз1Р8,BBB-,RUB,100.0,106.67,-80.0,11.93,25.31,0.41,0.01,27.0,2027-02-23,2028-02-18,2025-03-05,Колл,ЭкономЛизинг,Лизинг,Средняя,1000.0,12,2026-09-26,отсутствует,2026-09-15,fixed
RU000A10CDX0,ЭконЛиз2Р1,BBB-,RUB,100.0,100.15,1060.0,23.32,21.97,0.39,-0.05,22.0,2027-02-11,2028-08-10,2025-08-14,Пут,ЭкономЛизинг,Лизинг,Хорошая,1000.0,12,2026-11-12,отсутствует,2026-09-15,fixed
RU000A10ERA4,ЭконЛиз2Р2,BBB-,RUB,100.0,102.35,888.0,23.6,22.47,1.91,0.1,23.0,2028-03-31,2029-03-30,2026-04-03,Колл,ЭкономЛизинг,Лизинг,Хорошая,1000.0,4,2026-10-02,отсутствует,2026-09-15,fixed
RU000A10FSV5,ЭконЛиз2Р3,BBB-,RUB,100.0,98.47,934.0,23.88,21.33,1.55,-0.45,21.0,2028-07-28,2030-07-26,2026-07-31,Пут,ЭкономЛизинг,Лизинг,Средняя,1000.0,4,2026-10-30,отсутствует,2026-09-15,fixed
RU000A106UL6,ЭлАп БО-02,BB-,RUB,71.0,95.45,971.0,23.1,16.76,0.91,5.31,16.0,,2027-09-03,2023-09-08,Отсутствует,Электроаппарат,Промышленность,Плохая,1000.0,4,2026-12-04,отсутствует,2026-09-15,fixed
RU000A10CPB0,ЭлАп БО-03,BB-,RUB,100.0,106.03,533.0,20.18,19.81,2.82,-1.4,21.0,,2030-09-04,2025-09-10,Отсутствует,Электроаппарат,Промышленность,Плохая,1000.0,4,2026-12-09,отсутствует,2026-09-15,fixed
RU000A10FDD5,ЭлАп БО-04,BB-,RUB,111.0,100.16,348.0,18.63,17.47,3.27,0.01,17.5,,2031-05-16,2026-06-11,Отсутствует,Электроаппарат,Промышленность,Плохая,1000.0,4,2026-12-08,отсутствует,2026-09-15,fixed
RU000A1071U9,ЭлемЛиз1P6,A,RUB,76.0,99.92,338.0,17.24,15.51,0.04,-0.32,15.5,,2026-10-02,2023-10-18,Отсутствует,Элемент лизинг,Лизинг,Плохая,30.5,12,2026-10-02,есть,2026-09-15,fixed
RU000A108C58,ЭлемЛиз1P8,A,RUB,590.0,100.37,307.0,15.86,15.94,0.32,0.04,16.0,,2027-04-11,2024-04-26,Отсутствует,Элемент лизинг,Лизинг,Плохая,196.7,12,2026-10-13,есть,2026-09-15,fixed
RU000A1092S9,ЭлемЛиз1P9,A,RUB,560.0,101.79,253.0,15.29,18.17,0.43,0.14,18.5,,2027-07-10,2024-07-25,Отсутствует,Элемент лизинг,Лизинг,Плохая,279.8,12,2026-10-13,есть,2026-09-15,fixed
RU000A105VU7,ЭталонФин1,A-/BBB+,RUB,10000.0,98.55,966.0,23.93,21.31,1.43,0.15,21.0,2028-05-17,2038-02-03,2023-02-22,Пут,Группа Эталон,Недвижимость,Отличная,1000.0,4,2026-11-18,отсутствует,2026-09-15,fixed
RU000A10BAP4,ЭталонФин3,A-/BBB+,RUB,6750.0,102.53,968.0,22.54,24.87,0.51,0.12,25.5,,2027-04-01,2025-04-11,Отсутствует,Группа Эталон,Недвижимость,Хорошая,1000.0,12,2026-10-03,отсутствует,2026-09-15,fixed
RU000A10DA74,ЭталонФин4,A-/BBB+,RUB,10000.0,98.23,1052.0,24.06,20.36,1.02,-0.03,20.0,,2027-11-11,2025-11-21,Отсутствует,Группа Эталон,Недвижимость,Отличная,1000.0,12,2026-09-17,отсутствует,2026-09-15,fixed
RU000A10EST2,ЭталонФин5,A-/BBB+,RUB,4500.0,98.1,849.0,23.2,20.39,1.86,-0.28,20.0,,2029-03-25,2026-04-10,Отсутствует,Группа Эталон,Недвижимость,Отличная,1000.0,12,2026-10-07,есть,2026-09-15,fixed
RU000A10B354,ЭффТех1P2,,RUB,360.0,9.15,,,289.62,0.71,-2.64,26.5,2027-03-15,2028-03-13,2025-03-17,Колл,Эффективные технологии,Розница,Плохая,1000.0,4,2026-12-14,отсутствует,2026-09-15,fixed
RU000A105H98,Эфферон01,BB-,RUB,76.0,83.4,1960.0,33.25,14.99,1.09,-0.32,12.5,,2027-11-18,2022-11-24,Отсутствует,Эфферон,IT,Плохая,750.0,4,2026-11-19,есть,2026-09-15,fixed
RU000A10CH03,Эфферон1Р1,BB-,RUB,300.0,90.92,1681.0,31.4,24.2,1.57,-0.98,22.0,,2028-08-17,2025-08-21,Отсутствует,Эфферон,IT,Средняя,1000.0,4,2026-11-19,отсутствует,2026-09-15,fixed
RU000A10B008,ЮГК 1P4,AA,USD,200.0,99.66,327.0,12.01,10.64,0.43,-0.09,10.6,,2027-02-22,2025-03-04,Отсутствует,Южуралзолото (ЮГК),Металлургия,Отличная,100.0,12,2026-09-25,отсутствует,2026-09-15,fixed
RU000A10D4P0,ЮГК 1P5,AA,USD,40.0,99.91,91.0,9.48,9.01,1.02,-0.19,9.0,,2027-10-10,2025-10-20,Отсутствует,Южуралзолото (ЮГК),Металлургия,Хорошая,100.0,12,2026-10-15,отсутствует,2026-09-15,fixed
RU000A108CE5,ЮДПАвтО Б1,,RUB,139.0,5.5,,,331.82,0.4,-0.8,18.25,2027-04-12,2029-04-01,2024-04-27,Колл,ЮДП Авто,IT,Плохая,1000.0,12,2026-10-14,отсутствует,2026-09-15,fixed
RU000A10D3P2,ЮУЛЦ 1Р1,BB-,RUB,208.0,99.8,1367.0,27.09,24.05,0.94,0.01,24.0,2027-10-05,2028-09-29,2025-10-15,Колл,Южноуральский Лизинговый Центр,Лизинг,Отличная,1000.0,12,2026-10-10,есть,2026-09-15,fixed
RU000A10F710,ЮУЛЦ 1Р2,BB-,RUB,250.0,98.87,1240.0,27.04,23.77,1.69,-0.12,23.5,2028-05-09,2029-05-04,2026-05-20,Колл,Южноуральский Лизинговый Центр,Лизинг,Хорошая,1000.0,12,2026-09-17,есть,2026-09-15,fixed
RU000A10FUB3,ЮУЛЦ 1Р3,BB-,RUB,189.0,98.54,1266.0,27.3,23.85,1.69,0.1,23.5,,2029-07-26,2026-08-11,Отсутствует,Южноуральский Лизинговый Центр,Лизинг,Хорошая,1000.0,12,2026-10-10,есть,2026-09-15,fixed
RU000A10CMT9,ЯНДЕКС1Р2,AAA,RUB,25000.0,99.35,91.0,14.93,13.59,1.32,0.0,13.5,,2028-02-26,2025-09-09,Отсутствует,Яндекс,IT,Отличная,1000.0,12,2026-10-04,отсутствует,2026-09-15,fixed
RU000A10FEB7,ЯНДЕКС1Р5,AAA,RUB,20000.0,99.91,-19.0,14.32,13.41,1.54,-0.1,13.4,,2028-06-08,2026-06-19,Отсутствует,Яндекс,IT,Отличная,1000.0,12,2026-09-17,отсутствует,2026-09-15,fixed
RU000A1070L0,ЯТЭК 1P-3,A/A-,RUB,6000.0,100.08,59.0,13.68,15.34,0.06,0.0,15.35,,2026-10-09,2023-10-13,Отсутствует,ЯТЭК,Нефть и Газ,Отличная,1000.0,4,2026-10-09,отсутствует,2026-09-15,fixed
RU000A1010D3,Якут-13 об,AA-/A+,RUB,1000.0,99.15,54.0,13.55,7.01,0.13,-0.23,6.95,,2026-11-02,2019-11-11,Отсутствует,Саха (Якутия),Субфедеральный долг,Отличная,200.0,4,2026-11-02,есть,2026-09-15,fixed
RU000A10F7J4,Якут-34006,AA-/A+,RUB,8700.0,99.32,34.0,15.02,13.79,1.81,0.27,13.7,,2029-05-06,2026-05-22,Отсутствует,Саха (Якутия),Субфедеральный долг,Отличная,1000.0,12,2026-09-19,есть,2026-09-15,fixed
RU000A101P27,Якут-35014,AA-/A+,RUB,1650.0,96.45,169.0,14.55,6.73,0.5,-0.18,6.49,,2027-05-12,2020-05-20,Отсутствует,Саха (Якутия),Субфедеральный долг,Хорошая,300.0,4,2026-12-11,есть,2026-09-15,fixed
RU000A1033B9,Якут-35015,AA-/A+,RUB,3250.0,93.26,134.0,14.88,7.77,1.02,0.42,7.25,,2028-05-08,2021-05-17,Отсутствует,Саха (Якутия),Субфедеральный долг,Отличная,500.0,4,2026-11-09,есть,2026-09-15,fixed
RU000A0JXS83,ЯрОбл 2017,A-,RUB,2500.0,98.78,-11.0,12.67,8.5,0.33,0.0,8.4,,2027-04-20,2017-06-01,Отсутствует,Ярославская область,Субфедеральный долг,Погранично плохая,250.0,4,2026-10-20,есть,2026-09-15,fixed
RU000A10DMN0,реСтор1Р2,,RUB,1000.0,101.59,520.0,18.8,18.55,1.06,0.24,18.85,,2027-11-21,2025-12-01,Отсутствует,реСтор,Розница,Хорошая,1000.0,12,2026-09-27,отсутствует,2026-09-15,fixed
RU000A10E7K3,реСтор1Р3,,RUB,2000.0,101.42,522.0,19.06,18.49,1.21,0.1,18.75,,2028-01-27,2026-02-06,Отсутствует,реСтор,Розница,Хорошая,1000.0,12,2026-10-04,отсутствует,2026-09-15,fixed
